# Blender 4.2.3 LTS
# www.blender.org
mtllib leftHand.mtl
o Robot_Left_Hand
v 1.634188 2.780765 -0.263859
v 1.744490 2.751873 -0.263673
v 1.666931 2.853129 -0.298013
v 1.641415 2.810014 -0.005634
v 1.751717 2.781122 -0.005448
v 1.675541 2.887975 0.009622
v 1.772994 2.862450 0.009786
v 1.683275 2.969869 0.000129
v 1.674666 2.935023 -0.307506
v 1.793578 2.940978 0.000315
v 1.722274 3.043575 -0.009311
v 1.713664 3.008729 -0.316946
v 1.814163 3.019507 -0.009157
v 1.722857 3.120502 -0.075533
v 1.717422 3.098505 -0.269729
v 1.833160 3.091611 -0.075347
v 1.827725 3.069614 -0.269543
v 1.805553 2.984661 -0.316792
v 1.784968 2.906132 -0.307321
v 1.764384 2.827604 -0.297850
v 1.695891 3.018162 0.012864
v 1.713795 3.018202 0.029078
v 1.716603 3.028519 0.019737
v 1.713650 3.033336 0.006712
v 1.706065 3.030813 -0.005022
v 1.696744 3.021915 -0.010982
v 1.689248 3.010040 -0.008892
v 1.686441 2.999724 0.000449
v 1.689393 2.994907 0.013474
v 1.696979 2.997429 0.025207
v 1.706299 3.006327 0.031168
v 1.723992 2.990929 0.036938
v 1.708911 2.976532 0.027294
v 1.736121 3.010144 0.033557
v 1.742213 2.977850 0.027970
v 1.727132 2.963453 0.018327
v 1.754341 2.997065 0.024589
v 1.754000 2.972086 0.007691
v 1.744680 2.963188 0.001730
v 1.761496 2.983962 0.005601
v 1.754853 2.975839 -0.016155
v 1.761351 2.999095 -0.016765
v 1.764304 2.994278 -0.003740
v 1.753766 2.996573 -0.028499
v 1.744445 2.987675 -0.034459
v 1.736950 2.975800 -0.032370
v 1.734142 2.965484 -0.023028
v 1.737095 2.960666 -0.010003
v 1.714858 2.959372 -0.000659
v 1.696638 2.972450 0.008309
v 1.710081 2.967166 -0.021734
v 1.691861 2.980245 -0.012766
v 1.714624 2.983859 -0.036848
v 1.726752 3.003073 -0.040229
v 1.696404 2.996937 -0.027881
v 1.708532 3.016152 -0.031262
v 1.723613 3.030549 -0.021618
v 1.735886 3.034630 -0.002633
v 1.741833 3.017471 -0.030586
v 1.754106 3.021552 -0.011600
v 1.758884 3.013757 0.009475
v 1.740664 3.026836 0.018442
v 1.663033 2.850611 -0.001341
v 1.671973 2.848664 0.019665
v 1.648307 2.858670 -0.008360
v 1.687894 2.880996 -0.011354
v 1.670519 2.890505 -0.019635
v 1.727907 2.944387 -0.022509
v 1.698443 2.878698 0.013430
v 1.738456 2.942090 0.002275
v 1.692916 2.885628 0.032983
v 1.667289 2.854537 0.036237
v 1.732929 2.949020 0.021828
v 1.656258 2.911941 0.051025
v 1.636220 2.876838 0.051528
v 1.638884 2.921450 0.042743
v 1.696272 2.975333 0.039870
v 1.678897 2.984842 0.031588
v 1.718484 3.007167 0.028594
v 1.749553 2.984866 0.013303
v 1.703758 3.015227 0.021575
v 1.694818 3.017174 0.000570
v 1.668348 2.987140 0.006805
v 1.699502 3.011301 -0.016002
v 1.673875 2.980210 -0.012749
v 1.730571 2.989000 -0.031293
v 1.710533 2.953897 -0.030790
v 1.745297 2.980940 -0.024274
v 1.754237 2.978993 -0.003269
v 1.633862 2.916818 -0.001594
v 1.628335 2.923748 0.017960
v 1.617238 2.880972 0.006931
v 1.612554 2.886845 0.023504
v 1.621494 2.884898 0.044509
v 1.628144 2.905683 0.030933
v 1.648211 2.906125 0.030552
v 1.644507 2.907140 0.019394
v 1.635325 2.905406 0.012188
v 1.624173 2.901583 0.011686
v 1.615309 2.897133 0.018080
v 1.612120 2.893756 0.028927
v 1.615824 2.892740 0.040085
v 1.625006 2.894475 0.047291
v 1.645022 2.902747 0.041399
v 1.636158 2.898297 0.047793
v 1.645155 2.882249 0.055826
v 1.627110 2.876064 0.055013
v 1.659497 2.889449 0.045481
v 1.651698 2.863666 0.051963
v 1.666039 2.870867 0.041618
v 1.653287 2.849648 0.037680
v 1.633653 2.857481 0.051151
v 1.618796 2.854675 0.039491
v 1.642135 2.845826 0.037178
v 1.632953 2.844091 0.029972
v 1.649316 2.845549 0.018433
v 1.665340 2.857476 0.020439
v 1.661636 2.858491 0.009281
v 1.662151 2.854098 0.031287
v 1.652454 2.856756 0.002075
v 1.641302 2.852934 0.001573
v 1.632438 2.848484 0.007967
v 1.629249 2.845106 0.018814
v 1.612803 2.856317 0.021437
v 1.606261 2.874900 0.025300
v 1.617963 2.861783 0.003886
v 1.611420 2.880365 0.007749
v 1.632305 2.868983 -0.006460
v 1.625762 2.887565 -0.002597
v 1.650350 2.875167 -0.005647
v 1.643807 2.893750 -0.001784
v 1.665206 2.877974 0.006013
v 1.671199 2.876332 0.024066
v 1.658664 2.896557 0.009876
v 1.664657 2.894914 0.027929
v 1.612254 2.873257 0.043354
v 1.525139 2.810950 0.004593
v 1.525576 2.807223 0.023262
v 1.521409 2.822941 -0.003834
v 1.558162 2.817428 0.003366
v 1.553761 2.831576 -0.006576
v 1.617696 2.837832 0.006047
v 1.558677 2.813030 0.025394
v 1.554855 2.822239 0.040191
v 1.618212 2.833435 0.028074
v 1.647974 2.849173 0.028773
v 1.614389 2.842644 0.042871
v 1.644735 2.856978 0.041314
v 1.601226 2.880030 0.050643
v 1.541692 2.859625 0.047963
v 1.596825 2.894178 0.040701
v 1.633578 2.888664 0.047901
v 1.629848 2.900656 0.039474
v 1.629411 2.904382 0.020805
v 1.632651 2.896577 0.008264
v 1.596309 2.898575 0.018674
v 1.536775 2.878171 0.015993
v 1.600132 2.889366 0.003876
v 1.540597 2.868962 0.001196
v 1.613295 2.851980 -0.003895
v 1.643807 2.864891 0.001677
v 1.647537 2.852900 0.010103
v 1.510252 2.854627 0.002753
v 1.507012 2.862432 0.015295
v 1.507449 2.858706 0.033964
v 1.511180 2.846714 0.042390
v 1.537290 2.873773 0.038021
v 1.522336 2.815028 0.035803
v 1.540937 2.828175 0.008351
v 1.538715 2.842457 0.003243
v 1.540616 2.843053 0.012031
v 1.539517 2.830331 0.023462
v 1.536936 2.821872 0.021740
v 1.534165 2.816275 0.015244
v 1.532264 2.815678 0.006457
v 1.531957 2.820310 -0.001266
v 1.533363 2.828401 -0.004974
v 1.535944 2.836860 -0.003252
v 1.540923 2.838422 0.019754
v 1.531919 2.847135 0.028585
v 1.531423 2.854630 0.016090
v 1.529644 2.834044 0.034586
v 1.517365 2.850988 0.031474
v 1.516869 2.858482 0.018978
v 1.515090 2.837897 0.037474
v 1.502820 2.848508 0.027315
v 1.502514 2.853140 0.019592
v 1.501414 2.840417 0.031023
v 1.493840 2.840643 0.017698
v 1.493855 2.830396 0.006295
v 1.495261 2.838487 0.002587
v 1.497842 2.846946 0.004309
v 1.500612 2.852543 0.010805
v 1.498833 2.831958 0.029301
v 1.496063 2.826361 0.022806
v 1.494161 2.825765 0.014018
v 1.503354 2.814188 0.009959
v 1.517908 2.810336 0.007071
v 1.506431 2.815154 0.024178
v 1.502858 2.821683 -0.002536
v 1.517412 2.817830 -0.005425
v 1.505133 2.834774 -0.008537
v 1.519687 2.830921 -0.011425
v 1.509310 2.848461 -0.005750
v 1.513792 2.857517 0.004759
v 1.523863 2.844609 -0.008638
v 1.528346 2.853664 0.001871
v 1.520985 2.811301 0.021290
v 1.510914 2.824209 0.034687
v 1.525468 2.820357 0.031799
v 1.475503 2.825892 -0.078463
v 1.478886 2.839933 -0.080148
v 1.481356 2.815955 -0.079055
v 1.476932 2.827270 -0.052826
v 1.487083 2.830454 -0.005918
v 1.480923 2.843837 -0.054814
v 1.483838 2.815546 -0.053525
v 1.493989 2.818730 -0.006616
v 1.513118 2.807795 -0.059335
v 1.506173 2.809386 -0.083980
v 1.523270 2.810979 -0.012427
v 1.524506 2.814676 -0.062267
v 1.515824 2.815218 -0.086464
v 1.528497 2.831244 -0.064255
v 1.534658 2.817861 -0.015359
v 1.538649 2.834427 -0.017347
v 1.536695 2.821764 0.009975
v 1.540077 2.835806 0.008290
v 1.527043 2.815932 0.012460
v 1.502226 2.822501 0.017385
v 1.496374 2.832438 0.017977
v 1.499756 2.846479 0.016292
v 1.509408 2.852312 0.013807
v 1.491074 2.847021 -0.007906
v 1.502462 2.853903 -0.010838
v 1.492311 2.850719 -0.057746
v 1.531743 2.846152 -0.016648
v 1.521592 2.842968 -0.063556
v 1.534225 2.845743 0.008882
v 1.513354 2.839196 -0.087557
v 1.488537 2.845766 -0.082633
v 1.519207 2.829259 -0.088149
v 1.570606 2.901910 -0.029811
v 1.556300 2.904793 -0.034506
v 1.557014 2.895865 -0.033515
v 1.562868 2.889043 -0.032906
v 1.571628 2.886932 -0.032912
v 1.579947 2.890338 -0.033531
v 1.584647 2.897961 -0.034526
v 1.583934 2.906889 -0.035517
v 1.578079 2.913711 -0.036126
v 1.561001 2.912415 -0.035501
v 1.569319 2.915822 -0.036120
v 1.568261 2.923354 -0.049430
v 1.582435 2.919938 -0.049439
v 1.554801 2.917842 -0.048429
v 1.567835 2.921629 -0.064656
v 1.582009 2.918214 -0.064666
v 1.554375 2.916117 -0.063655
v 1.568204 2.911307 -0.075983
v 1.576964 2.909195 -0.075989
v 1.559885 2.907900 -0.075364
v 1.569227 2.896329 -0.079084
v 1.561753 2.884528 -0.072769
v 1.570513 2.882417 -0.072775
v 1.578831 2.885823 -0.073394
v 1.583532 2.893446 -0.074389
v 1.582818 2.902373 -0.075380
v 1.555185 2.900277 -0.074369
v 1.555898 2.891350 -0.073378
v 1.547924 2.889339 -0.060441
v 1.548350 2.891063 -0.045215
v 1.546770 2.903783 -0.062045
v 1.557397 2.878300 -0.059456
v 1.557823 2.880025 -0.044230
v 1.571571 2.874885 -0.059466
v 1.571997 2.876609 -0.044239
v 1.585031 2.880397 -0.060467
v 1.592636 2.892730 -0.062077
v 1.585457 2.882121 -0.045240
v 1.593062 2.894455 -0.046850
v 1.591908 2.908900 -0.048454
v 1.591482 2.907175 -0.063681
v 1.547196 2.905508 -0.046819
v 1.663516 2.866607 -0.073912
v 1.666899 2.880648 -0.075597
v 1.661844 2.859641 -0.064855
v 1.638418 2.870864 -0.077538
v 1.591657 2.882133 -0.077505
v 1.636444 2.862645 -0.066852
v 1.642409 2.887431 -0.079526
v 1.595648 2.898700 -0.079494
v 1.644918 2.897818 -0.071073
v 1.669025 2.889452 -0.068433
v 1.598157 2.909087 -0.071041
v 1.645775 2.901288 -0.040439
v 1.643802 2.893069 -0.029753
v 1.599014 2.912557 -0.040407
v 1.669752 2.892393 -0.042470
v 1.668079 2.885427 -0.033413
v 1.664697 2.871386 -0.031728
v 1.662570 2.862582 -0.038892
v 1.639811 2.876502 -0.027765
v 1.637302 2.866115 -0.036218
v 1.593050 2.887770 -0.027733
v 1.597041 2.904337 -0.029721
v 1.590541 2.877383 -0.036185
v 1.568560 2.894553 -0.031661
v 1.566433 2.885749 -0.038825
v 1.571942 2.908594 -0.033346
v 1.573615 2.915560 -0.042403
v 1.572888 2.912619 -0.068367
v 1.570762 2.903816 -0.075531
v 1.567379 2.889775 -0.073846
v 1.565707 2.882808 -0.064789
v 1.589683 2.873913 -0.066819
v 1.568531 2.893512 -0.103949
v 1.554225 2.896395 -0.108644
v 1.554939 2.887467 -0.107653
v 1.560794 2.880646 -0.107044
v 1.569553 2.878534 -0.107050
v 1.582572 2.889564 -0.108664
v 1.581859 2.898491 -0.109655
v 1.576004 2.905313 -0.110264
v 1.558926 2.904018 -0.109639
v 1.577872 2.881941 -0.107669
v 1.567245 2.907424 -0.110258
v 1.566186 2.914956 -0.123567
v 1.580360 2.911541 -0.123577
v 1.552726 2.909444 -0.122566
v 1.565760 2.913231 -0.138794
v 1.579934 2.909816 -0.138804
v 1.552300 2.907720 -0.137793
v 1.566129 2.902909 -0.150121
v 1.567152 2.887931 -0.153222
v 1.557810 2.899502 -0.149502
v 1.574889 2.900798 -0.150127
v 1.580743 2.893976 -0.149518
v 1.589407 2.898777 -0.137818
v 1.581457 2.885048 -0.148527
v 1.590561 2.884333 -0.136215
v 1.576756 2.877426 -0.147532
v 1.582956 2.871999 -0.134605
v 1.568438 2.874019 -0.146913
v 1.569496 2.866487 -0.133604
v 1.559678 2.876130 -0.146907
v 1.555322 2.869903 -0.133594
v 1.553823 2.882952 -0.147516
v 1.553110 2.891880 -0.148507
v 1.545849 2.880941 -0.134579
v 1.546275 2.882666 -0.119353
v 1.544695 2.895386 -0.136183
v 1.545121 2.897110 -0.120957
v 1.555748 2.871627 -0.118367
v 1.569922 2.868212 -0.118377
v 1.583382 2.873724 -0.119378
v 1.590987 2.886057 -0.120988
v 1.589833 2.900502 -0.122592
v 1.661441 2.858210 -0.148050
v 1.664824 2.872251 -0.149735
v 1.659769 2.851243 -0.138993
v 1.636343 2.862467 -0.151676
v 1.589582 2.873735 -0.151643
v 1.640334 2.879033 -0.153664
v 1.634369 2.854247 -0.140990
v 1.587609 2.865515 -0.140957
v 1.635227 2.857717 -0.110356
v 1.588466 2.868985 -0.110323
v 1.637736 2.868104 -0.101903
v 1.660495 2.854184 -0.113030
v 1.662622 2.862988 -0.105866
v 1.666004 2.877029 -0.107551
v 1.667677 2.883995 -0.116607
v 1.641727 2.884671 -0.103891
v 1.594966 2.895940 -0.103859
v 1.643700 2.892890 -0.114577
v 1.642843 2.889421 -0.145211
v 1.596939 2.904159 -0.114545
v 1.571540 2.907163 -0.116541
v 1.596082 2.900689 -0.145178
v 1.593573 2.890302 -0.153631
v 1.570813 2.904222 -0.142504
v 1.568687 2.895418 -0.149669
v 1.565304 2.881377 -0.147984
v 1.563632 2.874411 -0.138927
v 1.564359 2.877352 -0.112963
v 1.566485 2.886155 -0.105799
v 1.569868 2.900196 -0.107484
v 1.590975 2.879373 -0.101870
v 1.666950 2.881054 -0.142571
v 1.566398 2.884880 -0.180158
v 1.552092 2.887763 -0.184853
v 1.558661 2.872013 -0.183253
v 1.567420 2.869902 -0.183259
v 1.575739 2.873309 -0.183878
v 1.580440 2.880932 -0.184873
v 1.579726 2.889859 -0.185864
v 1.573871 2.896681 -0.186473
v 1.556793 2.895385 -0.185848
v 1.552806 2.878835 -0.183862
v 1.565112 2.898792 -0.186467
v 1.564053 2.906324 -0.199776
v 1.578227 2.902908 -0.199786
v 1.550593 2.900812 -0.198775
v 1.563627 2.904599 -0.215003
v 1.550167 2.899087 -0.214002
v 1.563996 2.894276 -0.226330
v 1.577801 2.901184 -0.215012
v 1.587274 2.890145 -0.214027
v 1.572756 2.892166 -0.226336
v 1.578610 2.885343 -0.225727
v 1.565019 2.879299 -0.229431
v 1.550977 2.883247 -0.224716
v 1.555677 2.890870 -0.225711
v 1.551690 2.874320 -0.223725
v 1.557545 2.867498 -0.223116
v 1.566305 2.865387 -0.223122
v 1.574623 2.868793 -0.223741
v 1.579324 2.876416 -0.224736
v 1.588428 2.875700 -0.212423
v 1.588855 2.877425 -0.197197
v 1.580823 2.863367 -0.210814
v 1.581249 2.865091 -0.195587
v 1.567363 2.857855 -0.209812
v 1.567789 2.859580 -0.194586
v 1.553189 2.861270 -0.209803
v 1.553615 2.862995 -0.194576
v 1.543716 2.872309 -0.210788
v 1.542562 2.886754 -0.212392
v 1.544142 2.874033 -0.195562
v 1.542988 2.888478 -0.197165
v 1.587700 2.891870 -0.198801
v 1.659308 2.849577 -0.224259
v 1.662691 2.863619 -0.225944
v 1.657636 2.842611 -0.215202
v 1.634210 2.853834 -0.227884
v 1.587449 2.865103 -0.227852
v 1.638201 2.870401 -0.229873
v 1.632237 2.845615 -0.217198
v 1.585476 2.856884 -0.217166
v 1.633094 2.849085 -0.186565
v 1.658362 2.845552 -0.189239
v 1.586333 2.860353 -0.186532
v 1.635603 2.859472 -0.178112
v 1.660489 2.854356 -0.182074
v 1.639594 2.876039 -0.180100
v 1.588842 2.870741 -0.178079
v 1.592833 2.887307 -0.180068
v 1.564352 2.877523 -0.182008
v 1.567735 2.891564 -0.183693
v 1.562226 2.868720 -0.189172
v 1.561499 2.865778 -0.215136
v 1.563172 2.872745 -0.224192
v 1.566554 2.886786 -0.225878
v 1.568681 2.895589 -0.218713
v 1.591440 2.881670 -0.229840
v 1.593949 2.892057 -0.221387
v 1.640710 2.880788 -0.221420
v 1.594806 2.895527 -0.190754
v 1.641567 2.884258 -0.190786
v 1.569407 2.898530 -0.192750
v 1.665544 2.875363 -0.192816
v 1.664817 2.872422 -0.218780
v 1.663871 2.868397 -0.183760
v 1.581970 2.861239 -0.255527
v 1.570489 2.856133 -0.258656
v 1.569886 2.863674 -0.259494
v 1.575434 2.850370 -0.258142
v 1.582834 2.848587 -0.258147
v 1.589861 2.851465 -0.258670
v 1.593832 2.857904 -0.259510
v 1.593229 2.865445 -0.260347
v 1.588283 2.871207 -0.260862
v 1.573857 2.870113 -0.260334
v 1.580884 2.872991 -0.260857
v 1.579990 2.879353 -0.272100
v 1.568620 2.874697 -0.271254
v 1.579630 2.877897 -0.284961
v 1.591963 2.876468 -0.272108
v 1.599965 2.867144 -0.271276
v 1.591603 2.875011 -0.284970
v 1.599605 2.865687 -0.284138
v 1.587341 2.867393 -0.294535
v 1.592286 2.861631 -0.294020
v 1.579941 2.869177 -0.294530
v 1.580805 2.856525 -0.297149
v 1.588919 2.847651 -0.292343
v 1.592889 2.854090 -0.293183
v 1.568944 2.859860 -0.293167
v 1.569546 2.852319 -0.292329
v 1.572914 2.866299 -0.294007
v 1.574492 2.846556 -0.291815
v 1.581892 2.844773 -0.291820
v 1.582785 2.838411 -0.280577
v 1.583145 2.839868 -0.267715
v 1.570813 2.841296 -0.280569
v 1.594155 2.843066 -0.281423
v 1.594515 2.844523 -0.268561
v 1.600580 2.853485 -0.282783
v 1.600940 2.854942 -0.269921
v 1.571173 2.842753 -0.267707
v 1.562811 2.850620 -0.281401
v 1.563171 2.852077 -0.268539
v 1.561835 2.862822 -0.282756
v 1.562195 2.864279 -0.269894
v 1.568260 2.873241 -0.284116
v 1.660453 2.831419 -0.292780
v 1.663311 2.843279 -0.294204
v 1.659041 2.825534 -0.285130
v 1.639252 2.835014 -0.295843
v 1.599753 2.844533 -0.295816
v 1.642624 2.849009 -0.297522
v 1.637586 2.828071 -0.286816
v 1.598086 2.837590 -0.286789
v 1.638310 2.831002 -0.260939
v 1.659654 2.828018 -0.263198
v 1.598810 2.840521 -0.260912
v 1.640429 2.839777 -0.253799
v 1.643800 2.853771 -0.255478
v 1.661451 2.835455 -0.257146
v 1.600929 2.849295 -0.253772
v 1.604300 2.863290 -0.255451
v 1.580242 2.855025 -0.257090
v 1.578446 2.847588 -0.263142
v 1.583099 2.866885 -0.258514
v 1.584512 2.872770 -0.266164
v 1.583898 2.870286 -0.288096
v 1.605967 2.870233 -0.264478
v 1.605243 2.867302 -0.290355
v 1.645467 2.860714 -0.264505
v 1.644743 2.857783 -0.290382
v 1.665721 2.853200 -0.266220
v 1.665107 2.850716 -0.288152
v 1.664308 2.847316 -0.258570
v 1.603124 2.858527 -0.297495
v 1.582102 2.862849 -0.294148
v 1.579245 2.850988 -0.292724
v 1.577832 2.845104 -0.285074
v 1.543921 2.750305 -0.156725
v 1.552378 2.732658 -0.161209
v 1.524892 2.746737 -0.162034
v 1.540724 2.730885 -0.160681
v 1.560736 2.740906 -0.162377
v 1.562605 2.752477 -0.163740
v 1.557272 2.762952 -0.164777
v 1.546773 2.768330 -0.165092
v 1.535119 2.766556 -0.164565
v 1.526761 2.758308 -0.163397
v 1.530225 2.736262 -0.160997
v 1.521416 2.726187 -0.175961
v 1.512786 2.743136 -0.177639
v 1.538403 2.717486 -0.175451
v 1.520857 2.723929 -0.195901
v 1.537845 2.715227 -0.195391
v 1.512228 2.740877 -0.197579
v 1.528764 2.730349 -0.213201
v 1.523431 2.740824 -0.214239
v 1.539263 2.724971 -0.212886
v 1.542115 2.742996 -0.221253
v 1.559275 2.734993 -0.214581
v 1.561144 2.746564 -0.215944
v 1.555811 2.757039 -0.216981
v 1.545312 2.762416 -0.217297
v 1.533658 2.760643 -0.216770
v 1.525300 2.752395 -0.215602
v 1.550917 2.726745 -0.213413
v 1.556702 2.718097 -0.196244
v 1.557260 2.720356 -0.176303
v 1.570225 2.731442 -0.198134
v 1.570783 2.733701 -0.178194
v 1.573250 2.750165 -0.200339
v 1.573808 2.752424 -0.180399
v 1.564620 2.767114 -0.202018
v 1.547633 2.775815 -0.202528
v 1.565178 2.769372 -0.182077
v 1.548191 2.778073 -0.182587
v 1.529334 2.775203 -0.181734
v 1.515811 2.761858 -0.179844
v 1.528776 2.772945 -0.201675
v 1.515252 2.759600 -0.199785
v 1.572257 2.868750 -0.230521
v 1.568540 2.835301 -0.231664
v 1.553462 2.871808 -0.230341
v 1.583109 2.868237 -0.220000
v 1.581343 2.834695 -0.219251
v 1.584060 2.872088 -0.185998
v 1.582466 2.839239 -0.179133
v 1.573803 2.875008 -0.175276
v 1.570364 2.842684 -0.166482
v 1.555008 2.878065 -0.175096
v 1.548189 2.846292 -0.166270
v 1.544157 2.878579 -0.185617
v 1.543205 2.874728 -0.219619
v 1.535385 2.846898 -0.178683
v 1.534262 2.842354 -0.218801
v 1.525406 2.785129 -0.171407
v 1.523641 2.751588 -0.170658
v 1.524283 2.780585 -0.211525
v 1.538210 2.784523 -0.158994
v 1.534493 2.751074 -0.160138
v 1.560385 2.780915 -0.159206
v 1.553287 2.748016 -0.160317
v 1.572487 2.777470 -0.171857
v 1.571365 2.772926 -0.211975
v 1.563544 2.745096 -0.171040
v 1.562593 2.741245 -0.205041
v 1.551741 2.741759 -0.215562
v 1.558561 2.773532 -0.224388
v 1.532947 2.744816 -0.215382
v 1.522689 2.747736 -0.204660
v 1.536386 2.777140 -0.224176
v 1.546364 2.838908 -0.231452
v 1.703160 2.776773 -0.005289
v 1.725905 2.776550 -0.013415
v 1.709386 2.797826 -0.015362
v 1.695201 2.797445 -0.014922
v 1.683976 2.788847 -0.013634
v 1.679999 2.775317 -0.011990
v 1.684790 2.762023 -0.010619
v 1.696518 2.754042 -0.010043
v 1.721929 2.763021 -0.011771
v 1.721114 2.789845 -0.014787
v 1.710703 2.754423 -0.010483
v 1.714951 2.738930 -0.028521
v 1.691998 2.738314 -0.027809
v 1.733113 2.752841 -0.030605
v 1.714280 2.736212 -0.052513
v 1.691326 2.735596 -0.051800
v 1.732442 2.750123 -0.054597
v 1.708946 2.747308 -0.073294
v 1.720170 2.755906 -0.074582
v 1.700987 2.767979 -0.082928
v 1.694760 2.746927 -0.072854
v 1.683032 2.754908 -0.073430
v 1.672350 2.748509 -0.052732
v 1.678241 2.768203 -0.074802
v 1.664599 2.770020 -0.054952
v 1.682218 2.781733 -0.076445
v 1.671033 2.791912 -0.057611
v 1.693443 2.790330 -0.077733
v 1.689195 2.805823 -0.059695
v 1.707628 2.790711 -0.078174
v 1.712148 2.806439 -0.060408
v 1.719357 2.782730 -0.077598
v 1.724147 2.769436 -0.076226
v 1.731125 2.793526 -0.059476
v 1.731796 2.796244 -0.035484
v 1.738876 2.772015 -0.057256
v 1.739548 2.774733 -0.033265
v 1.712820 2.809157 -0.036416
v 1.689867 2.808541 -0.035704
v 1.671705 2.794630 -0.033620
v 1.665270 2.772738 -0.030960
v 1.673022 2.751227 -0.028740
v 1.545560 2.776119 -0.072496
v 1.546250 2.753362 -0.069938
v 1.545529 2.790347 -0.061154
v 1.585310 2.778563 -0.079945
v 1.661036 2.780597 -0.082295
v 1.586125 2.751711 -0.076927
v 1.585275 2.795350 -0.066562
v 1.661000 2.797384 -0.068912
v 1.586626 2.800817 -0.018293
v 1.662351 2.802851 -0.020643
v 1.587505 2.787446 -0.001520
v 1.546674 2.794981 -0.020243
v 1.547420 2.783648 -0.006027
v 1.548111 2.760891 -0.003469
v 1.588320 2.760595 0.001499
v 1.548141 2.746663 -0.014812
v 1.546996 2.742029 -0.055722
v 1.588356 2.743808 -0.011884
v 1.587005 2.738341 -0.060153
v 1.664081 2.745842 -0.014234
v 1.664046 2.762629 -0.000851
v 1.703827 2.750845 -0.019643
v 1.662731 2.740375 -0.062503
v 1.661851 2.753746 -0.079276
v 1.702682 2.746211 -0.060553
v 1.701936 2.757543 -0.074769
v 1.701246 2.780301 -0.077327
v 1.701216 2.794528 -0.065985
v 1.702361 2.799162 -0.025074
v 1.703106 2.787830 -0.010858
v 1.703797 2.765072 -0.008300
v 1.663231 2.789480 -0.003869
v 1.548129 2.767335 -0.006378
v 1.544932 2.747915 -0.010335
v 1.564944 2.757936 -0.012030
v 1.566813 2.769507 -0.013393
v 1.561480 2.779982 -0.014430
v 1.550981 2.785360 -0.014745
v 1.539327 2.783586 -0.014218
v 1.530969 2.775338 -0.013050
v 1.534433 2.753292 -0.010650
v 1.556586 2.749688 -0.010862
v 1.529099 2.763767 -0.011687
v 1.516994 2.760166 -0.027292
v 1.520018 2.778888 -0.029498
v 1.525623 2.743217 -0.025614
v 1.516436 2.757907 -0.047233
v 1.525065 2.740958 -0.045554
v 1.527638 2.757854 -0.063892
v 1.519460 2.776630 -0.049438
v 1.532984 2.789974 -0.051328
v 1.529508 2.769425 -0.065255
v 1.537866 2.777672 -0.066423
v 1.546323 2.760026 -0.070906
v 1.543471 2.742001 -0.062539
v 1.532972 2.747379 -0.062855
v 1.555125 2.743775 -0.063066
v 1.563483 2.752023 -0.064234
v 1.565352 2.763594 -0.065597
v 1.560019 2.774069 -0.066635
v 1.549520 2.779446 -0.066950
v 1.551841 2.792845 -0.052181
v 1.552399 2.795103 -0.032241
v 1.568828 2.784144 -0.051671
v 1.569386 2.786402 -0.031730
v 1.577458 2.767195 -0.049992
v 1.578016 2.769454 -0.030052
v 1.574433 2.748472 -0.047787
v 1.574991 2.750731 -0.027847
v 1.560910 2.735127 -0.045897
v 1.542053 2.732257 -0.045044
v 1.561468 2.737386 -0.025957
v 1.542611 2.734516 -0.025104
v 1.533542 2.792233 -0.031388
v 1.576465 2.885780 -0.080174
v 1.557670 2.888838 -0.079994
v 1.587316 2.885266 -0.069653
v 1.572748 2.852331 -0.081317
v 1.562769 2.790562 -0.074041
v 1.550572 2.855938 -0.081105
v 1.585551 2.851724 -0.068904
v 1.575572 2.789956 -0.061628
v 1.586674 2.856269 -0.028786
v 1.588268 2.889118 -0.035651
v 1.576695 2.794500 -0.021510
v 1.574572 2.859714 -0.016135
v 1.552396 2.863322 -0.015923
v 1.578011 2.892038 -0.024929
v 1.564593 2.797945 -0.008859
v 1.542418 2.801553 -0.008647
v 1.557495 2.765046 -0.009970
v 1.567752 2.762126 -0.020693
v 1.538701 2.768104 -0.009791
v 1.527849 2.768617 -0.020311
v 1.526897 2.764766 -0.054313
v 1.529614 2.802159 -0.021060
v 1.539593 2.863928 -0.028336
v 1.528491 2.797615 -0.061178
v 1.538470 2.859384 -0.068454
v 1.540593 2.794170 -0.073829
v 1.537154 2.761846 -0.065035
v 1.555949 2.758789 -0.065215
v 1.566801 2.758275 -0.054695
v 1.547413 2.891758 -0.069272
v 1.548365 2.895609 -0.035270
v 1.559216 2.895095 -0.024749
v 1.701085 2.768376 -0.079427
v 1.708629 2.746025 -0.084621
v 1.719040 2.781447 -0.088924
v 1.723830 2.768153 -0.087553
v 1.707312 2.789428 -0.089500
v 1.693126 2.789047 -0.089060
v 1.681901 2.780450 -0.087772
v 1.677924 2.766920 -0.086128
v 1.682715 2.753625 -0.084756
v 1.694443 2.745644 -0.084181
v 1.719854 2.754623 -0.085909
v 1.731038 2.744443 -0.104743
v 1.712876 2.730532 -0.102659
v 1.737473 2.766335 -0.107403
v 1.730367 2.741726 -0.128735
v 1.736801 2.763618 -0.131394
v 1.712205 2.727815 -0.126651
v 1.718096 2.747508 -0.148720
v 1.706871 2.738910 -0.147432
v 1.722072 2.761038 -0.150364
v 1.698912 2.759582 -0.157066
v 1.680143 2.773335 -0.150583
v 1.676166 2.759805 -0.148939
v 1.680957 2.746511 -0.147568
v 1.692685 2.738530 -0.146992
v 1.717282 2.774332 -0.151736
v 1.705554 2.782313 -0.152311
v 1.691368 2.781932 -0.151871
v 1.687120 2.797425 -0.133833
v 1.687792 2.800143 -0.109842
v 1.710073 2.798042 -0.134546
v 1.668958 2.783514 -0.131749
v 1.669629 2.786232 -0.107758
v 1.662524 2.761623 -0.129090
v 1.663195 2.764340 -0.105098
v 1.670275 2.740112 -0.126870
v 1.689252 2.727198 -0.125938
v 1.670947 2.742829 -0.102878
v 1.689923 2.729916 -0.101947
v 1.710745 2.800760 -0.110554
v 1.729050 2.785128 -0.133614
v 1.729721 2.787846 -0.109622
v 1.543485 2.767722 -0.146634
v 1.544175 2.744964 -0.144076
v 1.543455 2.781949 -0.135291
v 1.583236 2.770165 -0.154083
v 1.658961 2.772199 -0.156433
v 1.584050 2.743314 -0.151065
v 1.583200 2.786952 -0.140700
v 1.658926 2.788986 -0.143050
v 1.584551 2.792419 -0.092431
v 1.544600 2.786583 -0.094381
v 1.660277 2.794453 -0.094781
v 1.585430 2.779049 -0.075658
v 1.545345 2.775251 -0.080165
v 1.586245 2.752197 -0.072639
v 1.661156 2.781083 -0.078007
v 1.661971 2.754231 -0.074989
v 1.701031 2.779432 -0.084996
v 1.701722 2.756675 -0.082438
v 1.700286 2.790765 -0.099212
v 1.699141 2.786131 -0.140122
v 1.699171 2.771903 -0.151465
v 1.699861 2.749146 -0.148907
v 1.700607 2.737813 -0.134691
v 1.659776 2.745348 -0.153414
v 1.660655 2.731977 -0.136641
v 1.584930 2.729943 -0.134291
v 1.662006 2.737444 -0.088372
v 1.586281 2.735411 -0.086022
v 1.701752 2.742447 -0.093780
v 1.546066 2.738266 -0.088949
v 1.544921 2.733632 -0.129860
v 1.546036 2.752493 -0.077607
v 1.698952 2.759744 -0.155636
v 1.721697 2.759521 -0.163762
v 1.705179 2.780796 -0.165709
v 1.690993 2.780415 -0.165269
v 1.679768 2.771817 -0.163981
v 1.675791 2.758287 -0.162337
v 1.680582 2.744993 -0.160965
v 1.692310 2.737012 -0.160390
v 1.717721 2.745991 -0.162118
v 1.716907 2.772815 -0.165133
v 1.706496 2.737393 -0.160830
v 1.710743 2.721900 -0.178868
v 1.687790 2.721284 -0.178156
v 1.728906 2.735811 -0.180952
v 1.710072 2.719183 -0.202859
v 1.687119 2.718566 -0.202147
v 1.728234 2.733094 -0.204943
v 1.704738 2.730278 -0.223641
v 1.690552 2.729897 -0.223201
v 1.715963 2.738876 -0.224929
v 1.696779 2.750950 -0.233274
v 1.703421 2.773681 -0.228520
v 1.689235 2.773300 -0.228080
v 1.678010 2.764703 -0.226792
v 1.674033 2.751173 -0.225148
v 1.678824 2.737878 -0.223777
v 1.719939 2.752406 -0.226573
v 1.715149 2.765700 -0.227945
v 1.726917 2.776496 -0.209823
v 1.727588 2.779214 -0.185831
v 1.734668 2.754985 -0.207603
v 1.707940 2.789410 -0.210755
v 1.708612 2.792127 -0.186763
v 1.684987 2.788793 -0.210042
v 1.685659 2.791511 -0.186050
v 1.666825 2.774882 -0.207958
v 1.660391 2.752990 -0.205298
v 1.667497 2.777600 -0.183966
v 1.661062 2.755708 -0.181307
v 1.668814 2.734197 -0.179087
v 1.668142 2.731480 -0.203079
v 1.735340 2.757703 -0.183612
v 1.541352 2.759089 -0.222843
v 1.542042 2.736332 -0.220285
v 1.541322 2.773317 -0.211500
v 1.581103 2.761533 -0.230292
v 1.656828 2.763567 -0.232642
v 1.581917 2.734682 -0.227274
v 1.581067 2.778320 -0.216909
v 1.656793 2.780354 -0.219259
v 1.582418 2.783787 -0.168640
v 1.583297 2.770416 -0.151866
v 1.542467 2.777951 -0.170590
v 1.658144 2.785821 -0.170990
v 1.659023 2.772450 -0.154216
v 1.698153 2.782132 -0.175421
v 1.697008 2.777498 -0.216331
v 1.698898 2.770800 -0.161205
v 1.699589 2.748042 -0.158647
v 1.659838 2.745599 -0.151198
v 1.699619 2.733815 -0.169989
v 1.698474 2.729181 -0.210899
v 1.659874 2.728812 -0.164581
v 1.658523 2.723345 -0.212850
v 1.584148 2.726778 -0.162231
v 1.582797 2.721311 -0.210500
v 1.584112 2.743565 -0.148848
v 1.543933 2.729634 -0.165158
v 1.542788 2.724999 -0.206068
v 1.543903 2.743861 -0.153816
v 1.543212 2.766618 -0.156374
v 1.657643 2.736716 -0.229623
v 1.697729 2.740513 -0.225116
v 1.697038 2.763271 -0.227674
v 1.546054 2.758937 -0.080516
v 1.542857 2.739517 -0.084473
v 1.562869 2.749538 -0.086168
v 1.564738 2.761109 -0.087531
v 1.559405 2.771584 -0.088568
v 1.548906 2.776962 -0.088883
v 1.537252 2.775188 -0.088356
v 1.528894 2.766940 -0.087188
v 1.532358 2.744894 -0.084788
v 1.554511 2.741291 -0.085000
v 1.527025 2.755369 -0.085825
v 1.514919 2.751768 -0.101430
v 1.517943 2.770491 -0.103635
v 1.523548 2.734819 -0.099752
v 1.514361 2.749509 -0.121370
v 1.517385 2.768232 -0.123576
v 1.522990 2.732561 -0.119692
v 1.525563 2.749456 -0.138030
v 1.530897 2.738981 -0.136992
v 1.544248 2.751628 -0.145044
v 1.527433 2.761027 -0.139393
v 1.535791 2.769275 -0.140561
v 1.530909 2.781577 -0.125466
v 1.547445 2.771049 -0.141088
v 1.549766 2.784447 -0.126319
v 1.557944 2.765671 -0.140773
v 1.566753 2.775746 -0.125809
v 1.563277 2.755196 -0.139735
v 1.575383 2.758797 -0.124130
v 1.561408 2.743625 -0.138372
v 1.572358 2.740075 -0.121925
v 1.553050 2.735377 -0.137204
v 1.541396 2.733603 -0.136677
v 1.558835 2.726730 -0.120035
v 1.559393 2.728988 -0.100095
v 1.539978 2.723860 -0.119182
v 1.540536 2.726118 -0.099242
v 1.572916 2.742333 -0.101985
v 1.575941 2.761056 -0.104190
v 1.567311 2.778005 -0.105868
v 1.550324 2.786705 -0.106378
v 1.531467 2.783836 -0.105526
v 1.574390 2.877383 -0.154312
v 1.555595 2.880440 -0.154132
v 1.585241 2.876868 -0.143791
v 1.570673 2.843933 -0.155455
v 1.560694 2.782165 -0.148179
v 1.548497 2.847541 -0.155243
v 1.583476 2.843327 -0.143042
v 1.573497 2.781558 -0.135766
v 1.584599 2.847871 -0.102924
v 1.574620 2.786103 -0.095648
v 1.572497 2.851316 -0.090273
v 1.586193 2.880720 -0.109789
v 1.575936 2.883640 -0.099067
v 1.557141 2.886698 -0.098887
v 1.546290 2.887211 -0.109408
v 1.550322 2.854924 -0.090061
v 1.540343 2.793155 -0.082785
v 1.537518 2.855530 -0.102474
v 1.536395 2.850986 -0.142592
v 1.527539 2.793761 -0.095198
v 1.525774 2.760220 -0.094449
v 1.526416 2.789217 -0.135316
v 1.538518 2.785772 -0.147967
v 1.524822 2.756369 -0.128451
v 1.535079 2.753448 -0.139173
v 1.553874 2.750391 -0.139353
v 1.564726 2.749877 -0.128832
v 1.565677 2.753729 -0.094831
v 1.555420 2.756649 -0.084108
v 1.536626 2.759706 -0.083929
v 1.562518 2.789548 -0.082997
v 1.545338 2.883360 -0.143410
v 1.562984 2.747561 -0.235733
v 1.570128 2.732655 -0.239520
v 1.546909 2.744547 -0.240218
v 1.560283 2.731156 -0.239075
v 1.577188 2.739622 -0.240507
v 1.578767 2.749396 -0.241659
v 1.574262 2.758244 -0.242535
v 1.565393 2.762787 -0.242801
v 1.555549 2.761288 -0.242356
v 1.548488 2.754322 -0.241369
v 1.551415 2.735699 -0.239342
v 1.543973 2.727188 -0.251982
v 1.558323 2.719838 -0.251551
v 1.536683 2.741505 -0.253400
v 1.543501 2.725280 -0.268826
v 1.557851 2.717930 -0.268395
v 1.536212 2.739597 -0.270244
v 1.550180 2.730704 -0.283440
v 1.545675 2.739552 -0.284316
v 1.559049 2.726161 -0.283174
v 1.561458 2.741387 -0.290242
v 1.554314 2.756294 -0.286454
v 1.547254 2.749326 -0.285467
v 1.568893 2.727660 -0.283619
v 1.575954 2.734627 -0.284606
v 1.577533 2.744401 -0.285757
v 1.573027 2.753249 -0.286633
v 1.564159 2.757792 -0.286899
v 1.566119 2.769110 -0.274424
v 1.566591 2.771018 -0.257580
v 1.580469 2.761760 -0.273993
v 1.550191 2.766685 -0.273703
v 1.550662 2.768593 -0.256859
v 1.538767 2.755413 -0.272107
v 1.539238 2.757320 -0.255263
v 1.580940 2.763668 -0.257149
v 1.587759 2.747443 -0.272575
v 1.588230 2.749351 -0.255731
v 1.585204 2.731627 -0.270712
v 1.585675 2.733536 -0.253868
v 1.573780 2.720355 -0.269115
v 1.574251 2.722263 -0.252271
v 1.586920 2.847614 -0.298070
v 1.571043 2.850197 -0.297918
v 1.596086 2.847180 -0.289183
v 1.583780 2.819359 -0.299036
v 1.575350 2.767182 -0.292890
v 1.565048 2.822406 -0.298857
v 1.594595 2.818847 -0.288550
v 1.586166 2.766670 -0.282404
v 1.595544 2.822685 -0.254662
v 1.596890 2.850433 -0.260461
v 1.587114 2.770508 -0.248516
v 1.585321 2.825596 -0.243975
v 1.588226 2.852900 -0.251403
v 1.566589 2.828643 -0.243796
v 1.576892 2.773418 -0.237829
v 1.558159 2.776466 -0.237650
v 1.570896 2.745628 -0.238768
v 1.555020 2.748210 -0.238616
v 1.579560 2.743161 -0.247825
v 1.578756 2.739908 -0.276547
v 1.569590 2.740342 -0.285434
v 1.553714 2.742924 -0.285282
v 1.545049 2.745391 -0.276225
v 1.556618 2.770229 -0.292711
v 1.546396 2.773139 -0.282024
v 1.554825 2.825317 -0.288170
v 1.547344 2.776978 -0.248135
v 1.555773 2.829155 -0.254281
v 1.545853 2.748645 -0.247503
v 1.563183 2.855917 -0.260139
v 1.562379 2.852664 -0.288861
v 1.572350 2.855483 -0.251252
v 1.693941 2.755534 -0.234813
v 1.713155 2.755345 -0.241677
v 1.699201 2.773317 -0.243322
v 1.687218 2.772995 -0.242950
v 1.677736 2.765733 -0.241862
v 1.674377 2.754304 -0.240474
v 1.678424 2.743074 -0.239315
v 1.688331 2.736332 -0.238829
v 1.709796 2.743917 -0.240289
v 1.709108 2.766576 -0.242836
v 1.700314 2.736654 -0.239201
v 1.703902 2.723567 -0.254438
v 1.719244 2.735318 -0.256198
v 1.703334 2.721271 -0.274704
v 1.684513 2.723046 -0.253836
v 1.668483 2.733954 -0.254623
v 1.683946 2.720751 -0.274102
v 1.667916 2.731659 -0.274889
v 1.686846 2.730323 -0.291887
v 1.676939 2.737064 -0.292373
v 1.692106 2.748106 -0.300396
v 1.698829 2.730644 -0.292258
v 1.708311 2.737907 -0.293346
v 1.718676 2.733022 -0.276464
v 1.711670 2.749336 -0.294735
v 1.724112 2.751515 -0.278711
v 1.707623 2.760566 -0.295894
v 1.717564 2.769686 -0.280586
v 1.697716 2.767307 -0.296380
v 1.701534 2.780594 -0.281373
v 1.685733 2.766985 -0.296008
v 1.682145 2.780073 -0.280771
v 1.676251 2.759723 -0.294920
v 1.672892 2.748294 -0.293532
v 1.666803 2.768322 -0.279011
v 1.667370 2.770617 -0.258745
v 1.661368 2.749830 -0.276764
v 1.661935 2.752125 -0.256498
v 1.682713 2.782368 -0.260505
v 1.702101 2.782889 -0.261107
v 1.718131 2.771981 -0.260320
v 1.724679 2.753810 -0.258445
v 1.560814 2.754982 -0.291584
v 1.594392 2.757046 -0.297877
v 1.561397 2.735758 -0.289423
v 1.560788 2.767000 -0.282003
v 1.561755 2.770914 -0.247445
v 1.594362 2.771226 -0.286572
v 1.658329 2.772944 -0.288557
v 1.595503 2.775844 -0.245798
v 1.659470 2.777562 -0.247783
v 1.596246 2.764549 -0.231629
v 1.596934 2.741868 -0.229079
v 1.562385 2.761342 -0.235437
v 1.660213 2.766268 -0.233614
v 1.660901 2.743586 -0.231064
v 1.693896 2.764874 -0.239517
v 1.693266 2.774446 -0.251526
v 1.694479 2.745650 -0.237356
v 1.694505 2.733632 -0.246938
v 1.693538 2.729717 -0.281495
v 1.660931 2.729406 -0.242369
v 1.659790 2.724787 -0.283143
v 1.596964 2.727687 -0.240384
v 1.595823 2.723069 -0.281158
v 1.562994 2.730099 -0.242857
v 1.562027 2.726185 -0.277415
v 1.562968 2.742118 -0.233276
v 1.595080 2.734364 -0.295327
v 1.659047 2.736082 -0.297312
v 1.658359 2.758764 -0.299862
v 1.692908 2.739290 -0.293504
v 1.692324 2.758514 -0.295665
v 1.692299 2.770532 -0.286084
vn -0.2519 -0.9608 0.1159
vn -0.0999 -0.3874 -0.9165
vn -0.0645 -0.2524 -0.9655
vn -0.0646 -0.2527 -0.9654
vn -0.9674 0.2534 -0.0016
vn -0.9144 0.4042 -0.0202
vn -0.0467 -0.1721 0.9840
vn -0.0096 -0.0301 0.9995
vn -0.0095 -0.0298 0.9995
vn 0.0278 0.1125 0.9933
vn -0.9583 0.2857 -0.0055
vn 0.1021 0.3958 0.9127
vn 0.1021 0.3957 0.9127
vn -0.9993 0.0288 0.0247
vn 0.1670 0.6425 0.7478
vn 0.2519 0.9608 -0.1159
vn 0.9674 -0.2534 0.0016
vn 0.0491 0.1811 -0.9822
vn 0.1215 0.4581 -0.8806
vn -0.0278 -0.1125 -0.9933
vn -0.7543 0.5415 0.3712
vn -0.3002 0.5433 0.7841
vn -0.2289 0.8056 0.5465
vn -0.4908 0.2413 0.8372
vn -0.3039 0.9280 0.2154
vn -0.4968 0.8639 -0.0830
vn -0.7338 0.6377 -0.2345
vn -0.9243 0.3357 -0.1814
vn -0.9957 0.0734 0.0562
vn -0.9206 -0.0490 0.3873
vn -0.7278 0.0151 0.6856
vn -0.4230 -0.5217 0.7409
vn -0.0374 -0.1537 0.9874
vn 0.2726 0.3375 0.9010
vn 0.0471 -0.8592 0.5095
vn 0.4327 -0.4911 0.7560
vn 0.7427 0.0001 0.6696
vn 0.4968 -0.8639 0.0829
vn 0.7338 -0.6377 0.2345
vn 0.9243 -0.3357 0.1813
vn 0.7543 -0.5415 -0.3712
vn 0.9957 -0.0734 -0.0562
vn 0.9206 0.0490 -0.3873
vn 0.7278 -0.0151 -0.6856
vn 0.4908 -0.2413 -0.8372
vn 0.3002 -0.5432 -0.7841
vn 0.2288 -0.8056 -0.5465
vn 0.3039 -0.9280 -0.2154
vn -0.2666 -0.9635 0.0242
vn -0.3888 -0.7643 -0.5146
vn -0.7367 -0.6261 0.2555
vn -0.8588 -0.4268 -0.2832
vn -0.7427 -0.0001 -0.6696
vn -0.2726 -0.3375 -0.9010
vn 0.0374 0.1537 -0.9874
vn -0.4327 0.4911 -0.7560
vn -0.0471 0.8592 -0.5095
vn 0.4230 0.5217 -0.7409
vn 0.2666 0.9635 -0.0242
vn 0.7367 0.6261 -0.2555
vn 0.3888 0.7642 0.5146
vn 0.8588 0.4268 0.2832
vn 0.7128 -0.6023 -0.3592
vn 0.6674 -0.6598 -0.3452
vn 0.7128 -0.6024 -0.3592
vn -0.5280 -0.8364 0.1472
vn 0.2194 -0.3812 -0.8981
vn 0.1803 -0.4378 -0.8808
vn 0.2196 -0.3810 -0.8981
vn 0.2941 -0.2629 -0.9189
vn 0.2942 -0.2628 -0.9189
vn 0.7916 -0.4775 -0.3812
vn 0.7916 -0.4776 -0.3812
vn 0.7700 -0.5009 0.3952
vn 0.7266 -0.5567 0.4027
vn 0.7699 -0.5010 0.3952
vn 0.8446 -0.3828 0.3744
vn 0.8447 -0.3826 0.3744
vn 0.3609 -0.1303 0.9234
vn 0.3305 -0.1754 0.9274
vn 0.3609 -0.1304 0.9234
vn 0.4184 -0.0393 0.9074
vn -0.2942 0.2628 0.9189
vn -0.3295 0.2013 0.9224
vn -0.2941 0.2629 0.9189
vn -0.2196 0.3810 0.8981
vn -0.2194 0.3812 0.8981
vn -0.1803 0.4378 0.8808
vn 0.4453 0.0064 0.8954
vn 0.5280 0.8364 -0.1472
vn -0.7129 0.6023 0.3593
vn -0.6674 0.6599 0.3452
vn -0.7128 0.6024 0.3592
vn -0.7700 0.5010 -0.3952
vn -0.7266 0.5567 -0.4027
vn -0.7700 0.5009 -0.3952
vn -0.3609 0.1303 -0.9234
vn -0.3305 0.1754 -0.9274
vn -0.3609 0.1304 -0.9234
vn 0.3295 -0.2013 -0.9224
vn 0.8245 -0.4110 -0.3890
vn 0.8758 -0.3203 0.3611
vn -0.4183 0.0394 -0.9074
vn -0.4183 0.0395 -0.9075
vn -0.8446 0.3828 -0.3744
vn -0.8446 0.3827 -0.3744
vn -0.8758 0.3203 -0.3611
vn -0.4453 -0.0064 -0.8954
vn -0.7915 0.4777 0.3812
vn -0.8245 0.4110 0.3890
vn -0.7916 0.4776 0.3812
vn -0.3259 0.9256 0.1924
vn 0.1899 0.8372 0.5128
vn 0.2875 0.9405 0.1810
vn 0.1741 0.9716 -0.1603
vn -0.1067 0.9185 -0.3807
vn -0.4479 0.8016 -0.3961
vn -0.7190 0.6655 -0.2005
vn -0.8166 0.5621 0.1313
vn -0.7033 0.5311 0.4726
vn -0.4224 0.5841 0.6931
vn -0.0812 0.7011 0.7085
vn -0.3583 0.0164 0.9334
vn 0.1967 0.2067 0.9584
vn 0.6378 0.4281 0.6402
vn -0.1552 -0.5604 0.8135
vn 0.3998 -0.3702 0.8385
vn 0.8409 -0.1487 0.5203
vn 0.4479 -0.8016 0.3961
vn 0.7190 -0.6655 0.2005
vn 0.1067 -0.9185 0.3807
vn -0.8153 -0.0699 0.5748
vn -0.6122 -0.6468 0.4549
vn -0.1742 -0.9716 0.1603
vn 0.3259 -0.9256 -0.1924
vn -0.2875 -0.9405 -0.1810
vn 0.8166 -0.5621 -0.1313
vn 0.7032 -0.5311 -0.4726
vn 0.4224 -0.5842 -0.6931
vn 0.0812 -0.7011 -0.7084
vn -0.1899 -0.8372 -0.5129
vn -0.7965 -0.5962 -0.1004
vn -0.6378 -0.4281 -0.6402
vn -0.9996 -0.0194 0.0195
vn -0.8409 0.1487 -0.5203
vn -0.3998 0.3702 -0.8385
vn -0.1967 -0.2067 -0.9584
vn 0.1552 0.5604 -0.8135
vn 0.3583 -0.0164 -0.9334
vn 0.6122 0.6468 -0.4549
vn 0.8153 0.0699 -0.5748
vn 0.9996 0.0194 -0.0195
vn 0.7965 0.5962 0.1004
vn 0.2546 -0.9472 -0.1950
vn 0.1817 -0.9635 -0.1966
vn 0.2545 -0.9472 -0.1950
vn -0.9451 -0.3239 -0.0425
vn 0.1468 -0.5377 -0.8302
vn 0.0785 -0.5567 -0.8270
vn 0.1470 -0.5377 -0.8302
vn 0.2804 -0.4920 -0.8242
vn 0.2806 -0.4919 -0.8242
vn 0.3953 -0.8990 -0.1887
vn 0.3954 -0.8989 -0.1887
vn 0.1793 -0.8138 0.5528
vn 0.1106 -0.8307 0.5456
vn 0.1791 -0.8138 0.5528
vn 0.3128 -0.7681 0.5588
vn 0.3131 -0.7679 0.5588
vn 0.3778 -0.7392 0.5576
vn 0.4629 -0.8671 -0.1839
vn 0.0744 -0.1778 0.9813
vn 0.1255 -0.1594 0.9792
vn 0.0743 -0.1778 0.9813
vn -0.0284 -0.2130 0.9766
vn -0.2804 0.4920 0.8242
vn -0.1470 0.5377 0.8302
vn -0.1467 0.5378 0.8302
vn -0.2805 0.4919 0.8242
vn -0.0785 0.5567 0.8270
vn 0.9451 0.3239 0.0426
vn -0.2545 0.9472 0.1950
vn -0.1817 0.9635 0.1966
vn -0.2546 0.9472 0.1950
vn -0.1792 0.8138 -0.5528
vn -0.1106 0.8307 -0.5456
vn -0.1793 0.8138 -0.5528
vn -0.3953 0.8990 0.1887
vn -0.3954 0.8989 0.1887
vn -0.3128 0.7681 -0.5588
vn -0.3129 0.7680 -0.5588
vn 0.0283 0.2130 -0.9766
vn 0.0799 0.2298 -0.9700
vn 0.0284 0.2130 -0.9766
vn -0.0744 0.1778 -0.9813
vn 0.3457 -0.4652 -0.8150
vn -0.3778 0.7392 -0.5576
vn -0.1255 0.1594 -0.9792
vn -0.4629 0.8671 0.1839
vn -0.3457 0.4651 0.8150
vn -0.0799 -0.2298 0.9700
vn 0.9494 -0.2513 -0.1884
vn 0.8617 0.3204 -0.3933
vn 0.9379 0.3443 -0.0413
vn 0.7508 0.0962 -0.6535
vn 0.9502 0.1588 0.2681
vn 0.8939 -0.1653 0.4166
vn 0.7905 -0.5042 0.3476
vn 0.6795 -0.7284 0.0875
vn 0.6033 -0.7523 -0.2646
vn 0.5911 -0.5668 -0.5739
vn 0.6474 -0.2427 -0.7225
vn 0.5680 0.8138 0.1229
vn 0.5880 0.5119 0.6263
vn 0.4964 -0.0154 0.8680
vn -0.0236 0.9704 0.2403
vn -0.0037 0.6685 0.7437
vn -0.0953 0.1412 0.9854
vn -0.6033 0.7523 0.2646
vn -0.5910 0.5668 0.5740
vn -0.6474 0.2427 0.7225
vn -0.9494 0.2513 0.1884
vn -0.8939 0.1653 -0.4167
vn -0.9502 -0.1588 -0.2681
vn -0.9380 -0.3443 0.0413
vn -0.7905 0.5042 -0.3477
vn -0.6795 0.7284 -0.0875
vn -0.7508 -0.0962 0.6535
vn -0.8617 -0.3204 0.3933
vn -0.5680 -0.8138 -0.1229
vn -0.5880 -0.5119 -0.6263
vn -0.4441 -0.7749 0.4498
vn 0.0236 -0.9704 -0.2403
vn 0.0037 -0.6685 -0.7437
vn 0.1476 -0.9315 0.3324
vn -0.4964 0.0154 -0.8680
vn 0.0953 -0.1412 -0.9854
vn -0.3282 0.5668 -0.7557
vn 0.2635 0.4101 -0.8731
vn -0.1476 0.9315 -0.3324
vn 0.4441 0.7749 -0.4498
vn 0.3282 -0.5668 0.7557
vn -0.2635 -0.4101 0.8731
vn -0.9625 0.2457 0.1153
vn -0.9702 0.2387 0.0412
vn -0.2111 -0.0662 -0.9752
vn -0.8487 -0.5085 0.1455
vn -0.8573 -0.5094 0.0752
vn -0.8486 -0.5085 0.1458
vn -0.8188 -0.4992 0.2835
vn -0.8188 -0.4992 0.2836
vn -0.9311 0.2555 0.2604
vn -0.9310 0.2556 0.2605
vn -0.2438 -0.9678 0.0627
vn -0.2542 -0.9671 0.0092
vn -0.2438 -0.9678 0.0626
vn -0.2208 -0.9606 0.1688
vn 0.4907 -0.8630 -0.1200
vn 0.4719 -0.8612 -0.1886
vn 0.4906 -0.8630 -0.1201
vn 0.5206 -0.8536 0.0183
vn 0.5205 -0.8537 0.0178
vn 0.9310 -0.2555 -0.2605
vn 0.9074 -0.2584 -0.3314
vn 0.9625 -0.2457 -0.1152
vn 0.9702 -0.2387 -0.0412
vn 0.5316 -0.8425 0.0871
vn 0.2110 0.0662 0.9752
vn -0.2083 -0.9527 0.2212
vn -0.7976 -0.4907 0.3508
vn -0.9074 0.2584 0.3314
vn -0.4906 0.8630 0.1201
vn -0.4719 0.8612 0.1886
vn -0.4907 0.8630 0.1200
vn -0.5205 0.8537 -0.0180
vn -0.5205 0.8537 -0.0179
vn 0.2208 0.9606 -0.1687
vn 0.2438 0.9678 -0.0626
vn 0.2438 0.9678 -0.0627
vn 0.2542 0.9671 -0.0092
vn 0.8188 0.4992 -0.2835
vn 0.8486 0.5085 -0.1458
vn 0.8486 0.5085 -0.1456
vn 0.8188 0.4991 -0.2837
vn 0.8572 0.5094 -0.0752
vn 0.2083 0.9527 -0.2212
vn 0.7976 0.4907 -0.3508
vn -0.5316 0.8425 -0.0871
vn -0.3569 0.5335 0.7668
vn -0.5452 0.2282 0.8066
vn -0.5167 -0.1295 0.8463
vn -0.2821 -0.4028 0.8707
vn 0.0688 -0.4873 0.8705
vn 0.4021 -0.3509 0.8457
vn 0.5904 -0.0455 0.8058
vn 0.5618 0.3121 0.7661
vn 0.3272 0.5854 0.7417
vn -0.0237 0.6700 0.7420
vn -0.0666 0.9765 0.2050
vn -0.6088 0.7545 0.2453
vn 0.5043 0.8389 0.2046
vn 0.4870 0.7688 -0.4144
vn -0.0839 0.9064 -0.4140
vn -0.6261 0.6844 -0.3737
vn 0.2821 0.4028 -0.8707
vn -0.0688 0.4874 -0.8705
vn -0.4021 0.3508 -0.8457
vn 0.0237 -0.6700 -0.7420
vn -0.3272 -0.5854 -0.7418
vn -0.5618 -0.3121 -0.7661
vn 0.3569 -0.5335 -0.7668
vn 0.5453 -0.2282 -0.8066
vn 0.5166 0.1295 -0.8464
vn -0.5903 0.0455 -0.8059
vn -0.8859 -0.3943 -0.2443
vn -0.5043 -0.8389 -0.2046
vn -0.9324 0.1876 -0.3089
vn -0.8686 -0.3242 0.3747
vn -0.4870 -0.7688 0.4144
vn -0.9151 0.2577 0.3101
vn 0.0666 -0.9765 -0.2050
vn 0.0839 -0.9064 0.4140
vn 0.6088 -0.7545 -0.2453
vn 0.6261 -0.6844 0.3737
vn 0.9151 -0.2577 -0.3101
vn 0.9324 -0.1876 0.3089
vn 0.8859 0.3943 0.2443
vn 0.8686 0.3242 -0.3748
vn 0.0448 -0.1297 -0.9905
vn 0.1171 -0.1461 -0.9823
vn 0.0447 -0.1297 -0.9905
vn 0.9722 -0.2343 -0.0007
vn -0.1148 -0.7771 -0.6189
vn -0.0449 -0.7878 -0.6143
vn -0.1151 -0.7770 -0.6189
vn -0.2523 -0.7439 -0.6188
vn -0.2525 -0.7439 -0.6188
vn -0.1001 -0.0948 -0.9905
vn 0.2131 0.5852 -0.7824
vn 0.2808 0.5641 -0.7765
vn 0.2133 0.5852 -0.7824
vn 0.0758 0.6183 -0.7823
vn 0.0757 0.6183 -0.7823
vn 0.2852 0.9514 -0.1158
vn 0.3369 0.9345 -0.1153
vn 0.1794 0.9769 -0.1157
vn 0.2526 0.7438 0.6188
vn 0.3197 0.7216 0.6141
vn 0.2523 0.7439 0.6188
vn 0.1146 0.7771 0.6189
vn 0.1148 0.7771 0.6189
vn 0.1002 0.0947 0.9904
vn 0.1721 0.0764 0.9821
vn -0.0754 -0.6184 0.7823
vn -0.0060 -0.6303 0.7763
vn -0.0757 -0.6183 0.7823
vn -0.2131 -0.5852 0.7824
vn -0.2133 -0.5851 0.7824
vn -0.0447 0.1297 0.9905
vn -0.0446 0.1296 0.9906
vn -0.1171 0.1461 0.9823
vn -0.2808 -0.5641 0.7765
vn -0.9722 0.2343 0.0007
vn 0.0449 0.7878 0.6143
vn 0.1256 0.9854 -0.1151
vn 0.0060 0.6303 -0.7763
vn -0.1721 -0.0764 -0.9821
vn -0.3197 -0.7216 -0.6141
vn -0.2852 -0.9514 0.1158
vn -0.3369 -0.9345 0.1153
vn -0.2852 -0.9515 0.1158
vn -0.1795 -0.9769 0.1157
vn -0.1256 -0.9854 0.1151
vn -0.3570 0.5335 0.7668
vn -0.5452 0.2281 0.8067
vn -0.4021 0.3509 -0.8457
vn 0.8686 0.3242 -0.3747
vn 0.5452 -0.2281 -0.8067
vn 0.3570 -0.5335 -0.7668
vn -0.5904 0.0455 -0.8058
vn 0.9324 -0.1875 0.3089
vn -0.1149 -0.7770 -0.6189
vn -0.1000 -0.0948 -0.9905
vn -0.1002 -0.0947 -0.9904
vn -0.1793 -0.9770 0.1157
vn -0.2851 -0.9515 0.1158
vn -0.2850 -0.9515 0.1158
vn -0.0759 -0.6183 0.7823
vn 0.2525 0.7439 0.6188
vn 0.1151 0.7770 0.6189
vn 0.1149 0.7770 0.6189
vn -0.0447 0.1296 0.9906
vn 0.2851 0.9515 -0.1158
vn 0.1795 0.9769 -0.1157
vn 0.0759 0.6183 -0.7823
vn 0.2136 0.5851 -0.7824
vn 0.2133 0.5851 -0.7824
vn -0.2821 -0.4028 0.8708
vn 0.0688 -0.4874 0.8705
vn 0.5618 0.3121 0.7662
vn 0.3273 0.5854 0.7417
vn 0.5167 0.1295 -0.8463
vn 0.5452 -0.2282 -0.8067
vn -0.3272 -0.5854 -0.7417
vn -0.1001 -0.0947 -0.9905
vn -0.1794 -0.9770 0.1157
vn -0.0756 -0.6183 0.7823
vn -0.2133 -0.5852 0.7824
vn 0.1001 0.0947 0.9905
vn 0.1003 0.0947 0.9904
vn -0.0448 0.1297 0.9905
vn 0.0755 0.6184 -0.7823
vn 0.2134 0.5851 -0.7824
vn 0.1793 0.9770 -0.1157
vn 0.1794 0.9770 -0.1157
vn 0.2852 0.9515 -0.1158
vn 0.2821 0.4028 -0.8708
vn -0.0688 0.4873 -0.8705
vn -0.5618 -0.3122 -0.7661
vn -0.0758 -0.6183 0.7823
vn -0.2132 -0.5852 0.7824
vn 0.1000 0.0948 0.9905
vn 0.0449 0.7878 0.6142
vn 0.2132 0.5852 -0.7824
vn 0.2866 -0.4271 0.8576
vn 0.5422 -0.1748 0.8218
vn -0.0700 -0.4814 0.8737
vn -0.5543 0.0035 0.8323
vn -0.3911 -0.3169 0.8641
vn -0.4971 0.3575 0.7906
vn 0.5994 0.1791 0.7801
vn 0.4362 0.4995 0.7484
vn 0.1151 0.6640 0.7388
vn -0.2414 0.6098 0.7549
vn -0.6644 -0.6291 0.4036
vn -0.1419 -0.8967 0.4193
vn -0.9298 -0.1078 0.3519
vn -0.9471 -0.1779 -0.2671
vn -0.6817 -0.6992 -0.2154
vn -0.1592 -0.9668 -0.1998
vn -0.4362 -0.4995 -0.7484
vn -0.1151 -0.6641 -0.7388
vn -0.5994 -0.1791 -0.7802
vn 0.5543 -0.0035 -0.8323
vn 0.4971 -0.3575 -0.7906
vn 0.2414 -0.6098 -0.7549
vn 0.3911 0.3169 -0.8641
vn 0.0700 0.4814 -0.8737
vn -0.2866 0.4271 -0.8576
vn -0.5422 0.1748 -0.8218
vn 0.4208 -0.8786 -0.2260
vn 0.8368 -0.4681 -0.2841
vn 0.4381 -0.8084 0.3930
vn 0.8541 -0.3980 0.3349
vn 0.9298 0.1078 -0.3519
vn 0.9471 0.1779 0.2671
vn 0.6644 0.6291 -0.4036
vn 0.6817 0.6992 0.2154
vn 0.1419 0.8967 -0.4193
vn 0.1592 0.9668 0.1997
vn -0.4208 0.8786 0.2260
vn -0.4381 0.8084 -0.3930
vn -0.8541 0.3980 -0.3349
vn -0.8368 0.4681 0.2841
vn 0.6877 -0.1232 -0.7154
vn 0.6938 -0.0525 -0.7182
vn 0.6877 -0.1234 -0.7154
vn -0.0159 -0.0392 -0.9991
vn -0.0039 0.0346 -0.9994
vn 0.1584 0.9806 -0.1155
vn 0.9941 -0.1069 -0.0157
vn 0.9984 -0.0530 -0.0219
vn 0.9941 -0.1070 -0.0157
vn 0.7270 0.0353 0.6858
vn 0.7327 0.1050 0.6724
vn 0.7270 0.0355 0.6857
vn 0.0395 0.1852 0.9819
vn 0.0511 0.2571 0.9650
vn -0.6653 0.2620 0.6991
vn -0.6490 0.3298 0.6856
vn -0.6654 0.2618 0.6991
vn -0.9769 0.2137 0.0031
vn -0.9639 0.2662 -0.0032
vn -0.9941 0.1070 0.0157
vn -0.9941 0.1069 0.0157
vn -0.6877 0.1234 0.7154
vn -0.6877 0.1232 0.7154
vn -0.6938 0.0525 0.7182
vn -0.9984 0.0530 0.0219
vn 0.0159 0.0392 0.9991
vn 0.0039 -0.0346 0.9994
vn 0.7045 -0.1033 0.7021
vn 0.6880 -0.1722 0.7050
vn 0.7046 -0.1031 0.7021
vn 0.9769 -0.2137 -0.0031
vn 0.9639 -0.2662 0.0032
vn 0.9769 -0.2136 -0.0031
vn -0.1584 -0.9806 0.1155
vn 0.6654 -0.2618 -0.6991
vn 0.6490 -0.3298 -0.6856
vn 0.6653 -0.2622 -0.6990
vn -0.0395 -0.1853 -0.9819
vn -0.0511 -0.2571 -0.9650
vn -0.7270 -0.0355 -0.6858
vn -0.7327 -0.1050 -0.6724
vn -0.7269 -0.0353 -0.6858
vn -0.7046 0.1031 -0.7021
vn -0.7045 0.1034 -0.7021
vn -0.6880 0.1722 -0.7050
vn 0.5050 -0.2370 0.8299
vn 0.6061 0.1070 0.7881
vn 0.4843 0.4450 0.7532
vn 0.1861 0.6479 0.7386
vn -0.1745 0.6382 0.7498
vn -0.4599 0.4196 0.7825
vn -0.5610 0.0757 0.8243
vn -0.4392 -0.2624 0.8592
vn -0.1410 -0.4652 0.8739
vn 0.2196 -0.4556 0.8627
vn -0.2575 -0.8705 0.4195
vn 0.3293 -0.8547 0.4013
vn 0.7936 -0.4991 0.3480
vn -0.2748 -0.9406 -0.1995
vn 0.3120 -0.9248 -0.2177
vn 0.7763 -0.5692 -0.2710
vn -0.1861 -0.6479 -0.7386
vn 0.1745 -0.6382 -0.7498
vn 0.4599 -0.4196 -0.7825
vn -0.7599 -0.6105 -0.2233
vn -0.4843 -0.4450 -0.7532
vn -0.9581 -0.0606 -0.2800
vn -0.6061 -0.1070 -0.7881
vn -0.7936 0.4991 -0.3480
vn -0.5050 0.2370 -0.8299
vn -0.3293 0.8547 -0.4013
vn -0.2197 0.4556 -0.8627
vn 0.2575 0.8705 -0.4195
vn 0.1410 0.4653 -0.8739
vn 0.7426 0.5403 -0.3957
vn 0.4392 0.2624 -0.8592
vn 0.5610 -0.0756 -0.8243
vn 0.9408 -0.0096 -0.3390
vn 0.7599 0.6105 0.2233
vn 0.2748 0.9406 0.1995
vn 0.9581 0.0606 0.2800
vn -0.3120 0.9248 0.2177
vn -0.7763 0.5692 0.2710
vn -0.9408 0.0096 0.3390
vn -0.7426 -0.5403 0.3957
vn -0.1022 -0.1142 -0.9882
vn -0.1761 -0.1152 -0.9776
vn -0.9992 -0.0268 0.0310
vn -0.1116 0.6193 -0.7771
vn -0.1818 0.6128 -0.7691
vn -0.1119 0.6193 -0.7771
vn 0.0297 0.6232 -0.7815
vn 0.0299 0.6231 -0.7815
vn 0.0467 -0.1102 -0.9928
vn 0.0468 -0.1102 -0.9928
vn -0.0844 0.9904 -0.1098
vn -0.1386 0.9845 -0.1076
vn 0.0242 0.9933 -0.1132
vn 0.0243 0.9933 -0.1132
vn 0.0689 0.7819 0.6196
vn -0.0722 0.7781 0.6240
vn -0.0724 0.7781 0.6240
vn 0.0691 0.7819 0.6196
vn -0.1429 0.7703 0.6215
vn -0.0467 0.1102 0.9928
vn -0.1211 0.1073 0.9868
vn -0.0468 0.1102 0.9928
vn -0.0298 -0.6231 0.7815
vn -0.1007 -0.6203 0.7778
vn -0.0297 -0.6231 0.7815
vn -0.0242 -0.9933 0.1132
vn -0.0786 -0.9903 0.1144
vn -0.0243 -0.9933 0.1132
vn 0.0844 -0.9904 0.1098
vn 0.1114 -0.6194 0.7772
vn 0.1116 -0.6193 0.7771
vn 0.1818 -0.6128 0.7691
vn 0.1386 -0.9845 0.1076
vn 0.0724 -0.7780 -0.6240
vn 0.1429 -0.7703 -0.6215
vn 0.0722 -0.7781 -0.6240
vn -0.0689 -0.7819 -0.6196
vn -0.0691 -0.7819 -0.6196
vn 0.9992 0.0268 -0.0310
vn 0.1211 -0.1073 -0.9868
vn 0.1007 0.6203 -0.7778
vn 0.0786 0.9903 -0.1144
vn 0.1396 0.7778 0.6128
vn 0.1021 0.1142 0.9882
vn 0.1761 0.1152 0.9776
vn -0.1396 -0.7779 -0.6127
vn 0.2865 -0.4271 0.8576
vn 0.5422 -0.1749 0.8218
vn 0.4363 0.4996 0.7484
vn -0.5994 -0.1791 -0.7801
vn -0.4362 -0.4996 -0.7484
vn 0.4971 -0.3575 -0.7907
vn 0.5542 -0.0035 -0.8324
vn -0.1592 -0.9668 -0.1997
vn 0.6878 -0.1232 -0.7154
vn 0.6653 -0.2620 -0.6991
vn 0.7328 0.1050 0.6724
vn -0.9941 0.1071 0.0157
vn -0.6653 0.2621 0.6990
vn -0.7270 -0.0353 -0.6858
vn 0.2197 -0.4556 0.8627
vn -0.1410 -0.4653 0.8739
vn 0.4843 0.4450 0.7533
vn 0.1862 0.6479 0.7386
vn 0.4599 -0.4196 -0.7826
vn 0.5610 -0.0756 -0.8244
vn -0.2196 0.4556 -0.8627
vn -0.1862 -0.6479 -0.7386
vn -0.1023 -0.1142 -0.9882
vn -0.1114 0.6194 -0.7772
vn 0.0302 0.6231 -0.7815
vn -0.0845 0.9904 -0.1098
vn -0.0723 0.7781 0.6240
vn 0.0692 0.7818 0.6196
vn 0.1396 0.7779 0.6127
vn 0.1007 0.6204 -0.7778
vn 0.0723 -0.7781 -0.6240
vn 0.0845 -0.9904 0.1098
vn -0.0299 -0.6231 0.7815
vn -0.5610 0.0756 0.8243
vn -0.4843 -0.4450 -0.7533
vn -0.1115 0.6193 -0.7772
vn 0.0300 0.6231 -0.7815
vn 0.0466 -0.1102 -0.9928
vn 0.0692 0.7819 0.6196
vn -0.0241 -0.9933 0.1132
vn -0.0297 -0.6232 0.7815
vn -0.0690 -0.7819 -0.6196
vn 0.1151 0.6641 0.7388
vn -0.5542 0.0035 0.8324
vn 0.9298 0.1078 -0.3520
vn -0.0159 -0.0390 -0.9991
vn -0.0159 -0.0391 -0.9991
vn -0.0395 -0.1852 -0.9819
vn 0.0395 0.1853 0.9819
vn -0.6878 0.1228 0.7154
vn -0.6878 0.1232 0.7154
vn 0.0159 0.0391 0.9991
vn 0.0159 0.0390 0.9991
vn -0.9769 0.2136 0.0031
vn -0.7045 0.1033 -0.7021
vn -0.7270 -0.0357 -0.6857
vn -0.4971 0.3575 0.7907
vn 0.5994 0.1791 0.7802
vn -0.9298 -0.1078 0.3520
vn -0.4363 -0.4995 -0.7484
vn -0.5422 0.1748 -0.8219
vn -0.2865 0.4271 -0.8576
vn 0.9769 -0.2136 -0.0032
vn 0.7269 0.0353 0.6858
vn 0.7270 0.0356 0.6857
vn 0.7046 -0.1033 0.7021
vn 0.6490 -0.3297 -0.6856
vn -0.4392 -0.2623 0.8592
vn 0.9407 -0.0096 -0.3390
vn -0.1021 -0.1142 -0.9882
vn 0.0691 0.7818 0.6196
vn 0.1115 -0.6193 0.7772
vn -0.0692 -0.7819 -0.6196
vt 0.000000 0.000000
vt 1.000000 0.000000
vt 1.000000 1.000000
vt 0.000000 1.000000
vt 1.000000 0.250000
vt 0.000000 0.250000
vt 0.750000 0.000000
vt 0.750000 1.000000
vt 1.000000 0.500000
vt 0.000000 0.500000
vt 0.500000 0.000000
vt 0.500000 1.000000
vt 0.250000 0.000000
vt 0.250000 1.000000
vt 1.000000 0.750000
vt 0.000000 0.750000
vt 0.800000 1.000000
vt 0.800000 0.800000
vt 0.900000 0.800000
vt 0.700000 1.000000
vt 0.700000 0.800000
vt 0.900000 1.000000
vt 1.000000 0.800000
vt 0.000000 0.800000
vt 0.100000 0.800000
vt 0.100000 1.000000
vt 0.200000 0.800000
vt 0.200000 1.000000
vt 0.300000 0.800000
vt 0.300000 1.000000
vt 0.400000 0.800000
vt 0.400000 1.000000
vt 0.500000 0.800000
vt 0.600000 0.800000
vt 0.600000 1.000000
vt 0.600000 0.600000
vt 0.700000 0.600000
vt 0.800000 0.600000
vt 0.600000 0.400000
vt 0.700000 0.400000
vt 0.800000 0.400000
vt 0.600000 0.200000
vt 0.700000 0.200000
vt 0.800000 0.200000
vt 0.600000 0.000000
vt 0.700000 0.000000
vt 0.800000 0.000000
vt 0.900000 0.200000
vt 0.900000 0.000000
vt 1.000000 0.200000
vt 0.100000 0.200000
vt 0.000000 0.200000
vt 0.100000 0.000000
vt 0.200000 0.200000
vt 0.200000 0.000000
vt 0.300000 0.200000
vt 0.300000 0.000000
vt 0.400000 0.200000
vt 0.400000 0.000000
vt 0.500000 0.200000
vt 0.500000 0.400000
vt 0.400000 0.400000
vt 0.500000 0.600000
vt 0.400000 0.600000
vt 0.300000 0.600000
vt 0.300000 0.400000
vt 0.200000 0.400000
vt 0.200000 0.600000
vt 0.100000 0.600000
vt 0.100000 0.400000
vt 0.000000 0.600000
vt 0.000000 0.400000
vt 0.900000 0.600000
vt 0.900000 0.400000
vt 1.000000 0.400000
vt 1.000000 0.600000
vt 0.264498 0.256800
vt 0.264498 0.000000
vt 0.735502 0.000000
vt 0.735502 0.256800
vt 0.000000 0.192263
vt 1.000000 0.192263
vt 1.000000 0.807737
vt 0.735502 1.000000
vt 0.264498 1.000000
vt 0.000000 0.807737
vt 0.743200 0.098800
vt 1.000000 0.098800
vt 0.743200 0.192263
vt 0.256800 0.192263
vt 0.256800 0.098800
vt 0.735502 0.743200
vt 0.264498 0.743200
vt 0.000000 0.098800
vt 0.256800 0.807737
vt 0.743200 0.807737
vt 0.256800 0.901200
vt 0.000000 0.901200
vt 0.743200 0.901200
vt 1.000000 0.901200
s 1
f 1/1/1 2/2/1 5/3/1 4/4/1
f 1/2/2 3/5/3 20/6/4 2/1/2
f 3/7/5 1/2/6 4/3/6 6/8/5
f 4/1/7 5/2/7 7/5/8 6/6/9
f 6/6/9 7/5/8 10/9/10 8/10/10
f 9/11/11 3/7/5 6/8/5 8/12/11
f 12/13/5 9/11/11 8/12/11 11/14/5
f 8/10/10 10/9/10 13/15/12 11/16/13
f 15/1/14 12/13/5 11/14/5 14/4/14
f 11/16/13 13/15/12 16/3/15 14/4/15
f 17/1/16 15/2/16 14/3/16 16/4/16
f 18/7/17 17/2/17 16/3/17 13/8/17
f 12/15/18 15/3/19 17/4/19 18/16/18
f 19/11/17 18/7/17 13/8/17 10/12/17
f 9/9/20 12/15/18 18/16/18 19/10/20
f 20/13/17 19/11/17 10/12/17 7/14/17
f 3/5/3 9/9/20 19/10/20 20/6/4
f 2/1/17 20/13/17 7/14/17 5/4/17
f 21/17/21 22/18/22 23/19/23
f 21/20/21 31/21/24 22/18/22
f 21/22/21 23/19/23 24/23/25
f 21/4/21 24/24/25 25/25/26
f 21/26/21 25/25/26 26/27/27
f 21/28/21 26/27/27 27/29/28
f 21/30/21 27/29/28 28/31/29
f 21/32/21 28/31/29 29/33/30
f 21/12/21 29/33/30 30/34/31
f 21/35/21 30/34/31 31/21/24
f 30/34/31 33/36/32 32/37/33 31/21/24
f 31/21/24 32/37/33 34/38/34 22/18/22
f 33/36/32 36/39/35 35/40/36 32/37/33
f 32/37/33 35/40/36 37/41/37 34/38/34
f 36/39/35 39/42/38 38/43/39 35/40/36
f 35/40/36 38/43/39 40/44/40 37/41/37
f 41/45/41 38/43/39 39/42/38
f 41/46/41 40/44/40 38/43/39
f 41/47/41 43/48/42 40/44/40
f 41/49/41 42/50/43 43/48/42
f 41/1/41 44/51/44 42/52/43
f 41/53/41 45/54/45 44/51/44
f 41/55/41 46/56/46 45/54/45
f 41/57/41 47/58/47 46/56/46
f 41/59/41 48/60/48 47/58/47
f 41/11/41 39/42/38 48/60/48
f 49/61/49 48/60/48 39/42/38 36/39/35
f 51/62/50 47/58/47 48/60/48 49/61/49
f 50/63/51 49/61/49 36/39/35 33/36/32
f 52/64/52 51/62/50 49/61/49 50/63/51
f 55/65/53 53/66/54 51/62/50 52/64/52
f 53/66/54 46/56/46 47/58/47 51/62/50
f 54/67/55 45/54/45 46/56/46 53/66/54
f 56/68/56 54/67/55 53/66/54 55/65/53
f 27/29/28 55/65/53 52/64/52 28/31/29
f 26/27/27 56/68/56 55/65/53 27/29/28
f 25/25/26 57/69/57 56/68/56 26/27/27
f 57/69/57 59/70/58 54/67/55 56/68/56
f 24/24/25 58/71/59 57/69/57 25/25/26
f 58/71/59 60/72/60 59/70/58 57/69/57
f 60/72/60 42/52/43 44/51/44 59/70/58
f 59/70/58 44/51/44 45/54/45 54/67/55
f 62/73/61 61/74/62 60/75/60 58/76/59
f 61/74/62 43/48/42 42/50/43 60/75/60
f 34/38/34 37/41/37 61/74/62 62/73/61
f 37/41/37 40/44/40 43/48/42 61/74/62
f 23/19/23 62/73/61 58/76/59 24/23/25
f 22/18/22 34/38/34 62/73/61 23/19/23
f 28/31/29 52/64/52 50/63/51 29/33/30
f 29/33/30 50/63/51 33/36/32 30/34/31
f 69/77/63 64/78/64 63/79/64 66/80/65
f 65/81/66 63/78/66 64/79/66 72/82/66 75/83/66 94/84/66 93/85/66 92/86/66
f 66/87/67 63/88/68 65/82/68 67/89/69
f 67/89/69 87/90/70 68/91/71 66/87/67
f 66/80/65 68/92/72 70/93/73 69/77/63
f 71/90/74 72/81/75 64/94/75 69/91/76
f 73/89/77 71/90/74 69/91/76 70/87/78
f 74/95/79 75/86/80 72/81/80 71/90/81
f 71/90/81 73/89/82 77/96/82 74/95/79
f 76/97/83 94/98/84 75/86/84 74/95/85
f 74/95/85 77/96/86 78/99/87 76/97/83
f 77/96/86 79/83/88 81/100/88 78/99/87
f 73/89/82 80/82/89 79/83/89 77/96/82
f 80/81/90 89/78/90 88/79/90 86/82/90 84/83/90 82/84/90 81/85/90 79/86/90
f 78/92/91 81/84/92 82/85/92 83/93/93
f 83/97/94 82/98/95 84/86/95 85/95/96
f 85/95/97 84/86/98 86/81/98 87/90/99
f 87/90/70 86/81/100 88/94/100 68/91/71
f 68/92/72 88/84/101 89/85/101 70/93/73
f 70/87/78 89/88/102 80/82/102 73/89/77
f 87/90/99 67/89/103 90/96/104 85/95/97
f 85/95/96 90/96/105 91/99/106 83/97/94
f 90/96/105 92/83/107 93/100/107 91/99/106
f 67/89/103 65/82/108 92/83/108 90/96/104
f 91/77/109 93/78/110 94/79/110 76/80/111
f 76/80/111 78/92/91 83/93/93 91/77/109
f 95/22/112 104/19/113 96/23/114
f 95/4/112 96/24/114 97/25/115
f 95/26/112 97/25/115 98/27/116
f 95/28/112 98/27/116 99/29/117
f 95/30/112 99/29/117 100/31/118
f 95/32/112 100/31/118 101/33/119
f 95/12/112 101/33/119 102/34/120
f 95/35/112 102/34/120 103/21/121
f 95/20/112 103/21/121 105/18/122
f 95/17/112 105/18/122 104/19/113
f 103/21/121 107/37/123 106/38/124 105/18/122
f 105/18/122 106/38/124 108/73/125 104/19/113
f 107/37/123 112/40/126 109/41/127 106/38/124
f 106/38/124 109/41/127 110/74/128 108/73/125
f 109/41/127 111/44/129 119/48/130 110/74/128
f 112/40/126 114/43/131 111/44/129 109/41/127
f 136/36/132 113/39/133 112/40/126 107/37/123
f 113/39/133 115/42/134 114/43/131 112/40/126
f 116/45/135 114/43/131 115/42/134
f 116/46/135 111/44/129 114/43/131
f 116/11/135 115/42/134 123/60/136
f 116/49/135 117/50/137 119/48/130
f 116/1/135 118/51/138 117/52/137
f 116/47/135 119/48/130 111/44/129
f 116/53/135 120/54/139 118/51/138
f 116/55/135 121/56/140 120/54/139
f 116/57/135 122/58/141 121/56/140
f 116/59/135 123/60/136 122/58/141
f 124/61/142 123/60/136 115/42/134 113/39/133
f 126/62/143 122/58/141 123/60/136 124/61/142
f 125/63/144 124/61/142 113/39/133 136/36/132
f 127/64/145 126/62/143 124/61/142 125/63/144
f 129/65/146 128/66/147 126/62/143 127/64/145
f 128/66/147 121/56/140 122/58/141 126/62/143
f 131/68/148 130/67/149 128/66/147 129/65/146
f 130/67/149 120/54/139 121/56/140 128/66/147
f 134/69/150 132/70/151 130/67/149 131/68/148
f 132/70/151 118/51/138 120/54/139 130/67/149
f 133/72/152 117/52/137 118/51/138 132/70/151
f 135/71/153 133/72/152 132/70/151 134/69/150
f 97/25/115 134/69/150 131/68/148 98/27/116
f 96/24/114 135/71/153 134/69/150 97/25/115
f 104/19/113 108/73/125 135/76/153 96/23/114
f 108/73/125 110/74/128 133/75/152 135/76/153
f 110/74/128 119/48/130 117/50/137 133/75/152
f 98/27/116 131/68/148 129/65/146 99/29/117
f 99/29/117 129/65/146 127/64/145 100/31/118
f 100/31/118 127/64/145 125/63/144 101/33/119
f 101/33/119 125/63/144 136/36/132 102/34/120
f 102/34/120 136/36/132 107/37/123 103/21/121
f 143/77/154 138/78/155 137/79/155 140/80/156
f 139/81/157 137/78/157 138/79/157 168/82/157 166/83/157 165/84/157 164/85/157 163/86/157
f 140/87/158 137/88/159 139/82/159 141/89/160
f 141/89/160 160/90/161 142/91/162 140/87/158
f 140/80/156 142/92/163 145/93/164 143/77/154
f 144/90/165 168/81/166 138/94/166 143/91/167
f 147/89/168 144/90/165 143/91/167 145/87/169
f 145/87/169 146/88/170 148/82/170 147/89/168
f 142/92/163 162/84/171 146/85/171 145/93/164
f 147/89/172 148/82/173 152/83/173 149/96/174
f 144/90/175 147/89/172 149/96/174 150/95/175
f 150/95/176 149/96/177 151/99/178 167/97/179
f 149/96/177 152/83/180 153/100/180 151/99/178
f 148/81/181 146/78/181 162/79/181 161/82/181 155/83/181 154/84/181 153/85/181 152/86/181
f 151/92/182 153/84/183 154/85/183 156/93/184
f 156/97/185 154/98/186 155/86/186 158/95/187
f 167/80/188 151/92/182 156/93/184 157/77/189
f 158/95/187 159/96/190 157/99/191 156/97/185
f 158/95/192 155/86/193 161/81/193 160/90/194
f 160/90/194 141/89/195 159/96/195 158/95/192
f 160/90/161 161/81/196 162/94/196 142/91/162
f 159/96/190 163/83/197 164/100/197 157/99/191
f 141/89/195 139/82/198 163/83/198 159/96/195
f 157/77/189 164/78/199 165/79/199 167/80/188
f 167/97/179 165/98/200 166/86/200 150/95/176
f 150/95/175 166/86/201 168/81/201 144/90/175
f 169/20/202 170/21/203 171/18/204
f 169/35/202 178/34/205 170/21/203
f 169/17/202 171/18/204 179/19/206
f 169/22/202 179/19/206 172/23/207
f 169/4/202 172/24/207 173/25/208
f 169/26/202 173/25/208 174/27/209
f 169/28/202 174/27/209 175/29/210
f 169/30/202 175/29/210 176/31/211
f 169/32/202 176/31/211 177/33/212
f 169/12/202 177/33/212 178/34/205
f 171/18/204 181/38/213 180/73/214 179/19/206
f 179/19/206 180/73/214 182/76/215 172/23/207
f 181/38/213 184/41/216 183/74/217 180/73/214
f 180/73/214 183/74/217 185/75/218 182/76/215
f 184/41/216 187/44/219 186/48/220 183/74/217
f 183/74/217 186/48/220 188/50/221 185/75/218
f 189/47/222 186/48/220 187/44/219
f 189/49/222 188/50/221 186/48/220
f 189/59/222 191/60/223 190/58/224
f 189/57/222 190/58/224 196/56/225
f 189/11/222 192/42/226 191/60/223
f 189/45/222 193/43/227 192/42/226
f 189/46/222 187/44/219 193/43/227
f 189/1/222 194/51/228 188/52/221
f 189/53/222 195/54/229 194/51/228
f 189/55/222 196/56/225 195/54/229
f 197/66/230 196/56/225 190/58/224 200/62/231
f 199/67/232 195/54/229 196/56/225 197/66/230
f 198/65/233 197/66/230 200/62/231 201/64/234
f 208/68/235 199/67/232 197/66/230 198/65/233
f 201/64/234 200/62/231 202/61/236 203/63/237
f 200/62/231 190/58/224 191/60/223 202/61/236
f 203/63/237 202/61/236 204/39/238 206/36/239
f 202/61/236 191/60/223 192/42/226 204/39/238
f 204/39/238 192/42/226 193/43/227 205/40/240
f 206/36/239 204/39/238 205/40/240 207/37/241
f 178/34/205 206/36/239 207/37/241 170/21/203
f 177/33/212 203/63/237 206/36/239 178/34/205
f 170/21/203 207/37/241 181/38/213 171/18/204
f 207/37/241 205/40/240 184/41/216 181/38/213
f 205/40/240 193/43/227 187/44/219 184/41/216
f 176/31/211 201/64/234 203/63/237 177/33/212
f 175/29/210 198/65/233 201/64/234 176/31/211
f 210/69/242 209/70/243 199/67/232 208/68/235
f 209/70/243 194/51/228 195/54/229 199/67/232
f 182/71/215 185/72/218 209/70/243 210/69/242
f 185/72/218 188/52/221 194/51/228 209/70/243
f 172/24/207 182/71/215 210/69/242 173/25/208
f 173/25/208 210/69/242 208/68/235 174/27/209
f 174/27/209 208/68/235 198/65/233 175/29/210
f 216/77/244 212/78/245 211/79/245 214/80/244
f 213/81/246 211/78/246 212/79/246 241/82/246 240/83/246 242/84/246 223/85/246 220/86/246
f 214/87/247 211/88/248 213/82/248 217/89/249
f 217/89/249 218/90/250 215/91/251 214/87/247
f 214/80/244 215/92/252 234/93/253 216/77/244
f 217/89/254 213/82/255 220/83/255 219/96/256
f 218/90/257 217/89/254 219/96/256 221/95/257
f 219/96/258 220/83/259 223/100/259 222/99/260
f 221/95/261 219/96/258 222/99/260 225/97/262
f 222/77/263 223/78/264 242/79/264 224/80/263
f 224/80/263 226/92/265 225/93/265 222/77/263
f 226/92/265 228/84/266 227/85/266 225/93/265
f 225/97/262 227/98/267 229/86/267 221/95/261
f 233/81/268 232/78/268 231/79/268 230/82/268 229/83/268 227/84/268 228/85/268 239/86/268
f 221/95/257 229/86/269 230/81/269 218/90/257
f 218/90/250 230/81/270 231/94/270 215/91/251
f 215/92/252 231/84/271 232/85/271 234/93/253
f 234/87/272 232/88/273 233/82/273 235/89/274
f 235/89/274 236/90/275 216/91/276 234/87/272
f 236/90/277 235/89/278 237/96/279 238/95/277
f 235/89/278 233/82/280 239/83/280 237/96/279
f 238/95/281 237/96/282 226/99/283 224/97/284
f 237/96/282 239/83/285 228/100/285 226/99/283
f 238/95/277 240/86/286 241/81/286 236/90/277
f 224/97/284 242/98/287 240/86/287 238/95/281
f 236/90/275 241/81/288 212/94/288 216/91/276
f 243/22/10 252/19/289 244/23/290
f 243/4/10 244/24/290 245/25/291
f 243/26/10 245/25/291 246/27/292
f 243/28/10 246/27/292 247/29/293
f 243/30/10 247/29/293 248/31/294
f 243/32/10 248/31/294 249/33/295
f 243/12/10 249/33/295 250/34/296
f 243/35/10 250/34/296 251/21/297
f 243/20/10 251/21/297 253/18/298
f 243/17/10 253/18/298 252/19/289
f 253/18/298 254/38/299 256/73/300 252/19/289
f 251/21/297 255/37/301 254/38/299 253/18/298
f 255/37/301 258/40/302 257/41/303 254/38/299
f 254/38/299 257/41/303 259/74/304 256/73/300
f 258/40/302 261/43/305 260/44/306 257/41/303
f 257/41/303 260/44/306 262/48/307 259/74/304
f 263/46/20 260/44/306 261/43/305
f 263/47/20 262/48/307 260/44/306
f 263/55/20 265/56/308 264/54/309
f 263/53/20 264/54/309 270/51/310
f 263/57/20 266/58/311 265/56/308
f 263/59/20 267/60/312 266/58/311
f 263/11/20 268/42/313 267/60/312
f 263/45/20 261/43/305 268/42/313
f 263/49/20 269/50/314 262/48/307
f 263/1/20 270/51/310 269/52/314
f 271/70/315 270/51/310 264/54/309 274/67/316
f 273/72/317 269/52/314 270/51/310 271/70/315
f 272/69/318 271/70/315 274/67/316 275/68/319
f 284/71/320 273/72/317 271/70/315 272/69/318
f 275/68/319 274/67/316 276/66/321 277/65/322
f 274/67/316 264/54/309 265/56/308 276/66/321
f 277/65/322 276/66/321 278/62/323 280/64/324
f 276/66/321 265/56/308 266/58/311 278/62/323
f 278/62/323 266/58/311 267/60/312 279/61/325
f 280/64/324 278/62/323 279/61/325 281/63/326
f 248/31/294 280/64/324 281/63/326 249/33/295
f 247/29/293 277/65/322 280/64/324 248/31/294
f 249/33/295 281/63/326 282/36/327 250/34/296
f 281/63/326 279/61/325 283/39/328 282/36/327
f 282/36/327 283/39/328 258/40/302 255/37/301
f 250/34/296 282/36/327 255/37/301 251/21/297
f 279/61/325 267/60/312 268/42/313 283/39/328
f 283/39/328 268/42/313 261/43/305 258/40/302
f 246/27/292 275/68/319 277/65/322 247/29/293
f 245/25/291 272/69/318 275/68/319 246/27/292
f 256/73/300 259/74/304 273/75/317 284/76/320
f 259/74/304 262/48/307 269/50/314 273/75/317
f 252/19/289 256/73/300 284/76/320 244/23/290
f 244/24/290 284/71/320 272/69/318 245/25/291
f 291/77/329 286/78/330 285/79/330 288/80/331
f 287/81/332 285/78/332 286/79/332 294/82/332 299/83/332 300/84/332 301/85/332 302/86/332
f 288/87/333 285/88/334 287/82/334 290/89/335
f 290/89/335 316/90/336 289/91/337 288/87/333
f 288/80/331 289/92/338 292/93/338 291/77/329
f 293/90/339 294/81/340 286/94/340 291/91/341
f 295/89/342 293/90/339 291/91/341 292/87/343
f 296/95/344 299/86/345 294/81/345 293/90/344
f 293/90/344 295/89/346 298/96/346 296/95/344
f 297/97/347 300/98/348 299/86/348 296/95/349
f 296/95/349 298/96/350 306/99/351 297/97/347
f 303/77/352 301/78/353 300/79/353 297/80/352
f 304/96/354 302/83/355 301/100/355 303/99/356
f 307/95/357 304/96/354 303/99/356 305/97/358
f 297/80/352 306/92/359 305/93/360 303/77/352
f 306/92/359 310/84/361 308/85/361 305/93/360
f 305/97/358 308/98/362 309/86/362 307/95/357
f 312/81/363 313/78/363 314/79/363 315/82/363 309/83/363 308/84/363 310/85/363 311/86/363
f 298/96/350 311/83/364 310/100/364 306/99/351
f 295/89/346 312/82/365 311/83/365 298/96/346
f 292/87/343 313/88/366 312/82/366 295/89/342
f 289/92/338 314/84/367 313/85/367 292/93/338
f 316/90/336 315/81/368 314/94/368 289/91/337
f 307/95/369 309/86/370 315/81/370 316/90/371
f 316/90/371 290/89/372 304/96/372 307/95/369
f 290/89/372 287/82/373 302/83/373 304/96/372
f 317/22/10 325/19/374 318/23/375
f 317/4/10 318/24/375 319/25/291
f 317/26/10 319/25/291 320/27/292
f 317/28/10 320/27/292 321/29/293
f 317/30/10 321/29/293 326/31/294
f 317/12/10 322/33/295 323/34/296
f 317/32/10 326/31/294 322/33/295
f 317/35/10 323/34/296 324/21/297
f 317/20/10 324/21/297 327/18/298
f 317/17/10 327/18/298 325/19/374
f 324/21/297 329/37/301 328/38/299 327/18/298
f 327/18/298 328/38/299 330/73/300 325/19/374
f 329/37/301 332/40/302 331/41/303 328/38/299
f 328/38/299 331/41/303 333/74/304 330/73/300
f 332/40/302 337/43/305 334/44/306 331/41/303
f 331/41/303 334/44/306 336/48/376 333/74/304
f 335/47/20 336/48/376 334/44/306
f 335/46/20 334/44/306 337/43/305
f 339/39/377 338/42/313 337/43/305 332/40/302
f 335/45/20 337/43/305 338/42/313
f 341/61/325 340/60/378 338/42/313 339/39/377
f 335/11/20 338/42/313 340/60/378
f 343/62/323 342/58/379 340/60/378 341/61/325
f 335/59/20 340/60/378 342/58/379
f 345/66/321 344/56/308 342/58/379 343/62/323
f 335/57/20 342/58/379 344/56/308
f 347/67/316 346/54/309 344/56/308 345/66/321
f 335/55/20 344/56/308 346/54/309
f 350/70/315 348/51/310 346/54/309 347/67/316
f 335/53/20 346/54/309 348/51/310
f 335/1/20 348/51/310 349/52/380
f 352/72/317 349/52/380 348/51/310 350/70/315
f 351/69/318 350/70/315 347/67/316 354/68/319
f 353/71/320 352/72/317 350/70/315 351/69/318
f 330/73/300 333/74/304 352/75/317 353/76/320
f 333/74/304 336/48/376 349/50/380 352/75/317
f 325/19/374 330/73/300 353/76/320 318/23/375
f 318/24/375 353/71/320 351/69/318 319/25/291
f 319/25/291 351/69/318 354/68/319 320/27/292
f 320/27/292 354/68/319 355/65/322 321/29/293
f 354/68/319 347/67/316 345/66/321 355/65/322
f 321/29/293 355/65/322 356/64/324 326/31/294
f 355/65/322 345/66/321 343/62/323 356/64/324
f 356/64/324 343/62/323 341/61/325 357/63/381
f 326/31/294 356/64/324 357/63/381 322/33/295
f 357/63/381 341/61/325 339/39/377 358/36/327
f 322/33/295 357/63/381 358/36/327 323/34/296
f 323/34/296 358/36/327 329/37/301 324/21/297
f 358/36/327 339/39/377 332/40/302 329/37/301
f 335/49/20 349/50/380 336/48/376
f 364/77/331 360/78/330 359/79/330 362/80/329
f 361/81/332 359/78/332 360/79/332 390/82/332 373/83/332 372/84/332 371/85/332 370/86/332
f 362/87/382 359/88/334 361/82/334 365/89/335
f 365/89/335 366/90/336 363/91/337 362/87/382
f 362/80/329 363/92/383 381/93/384 364/77/331
f 365/89/385 361/82/373 370/83/373 367/96/385
f 366/90/386 365/89/385 367/96/385 368/95/387
f 368/95/357 367/96/388 369/99/356 389/97/358
f 367/96/388 370/83/355 371/100/355 369/99/356
f 369/77/352 371/78/353 372/79/353 374/80/352
f 374/97/389 372/98/348 373/86/348 376/95/349
f 376/95/349 378/96/390 375/99/391 374/97/389
f 374/80/352 375/92/359 389/93/392 369/77/352
f 376/95/393 373/86/345 390/81/345 377/90/393
f 377/90/393 380/89/346 378/96/394 376/95/393
f 378/96/390 379/83/364 388/100/364 375/99/391
f 380/89/346 382/82/365 379/83/365 378/96/394
f 380/89/395 377/90/396 364/91/397 381/87/343
f 381/87/343 383/88/366 382/82/366 380/89/395
f 382/81/363 383/78/363 384/79/363 385/82/363 386/83/363 387/84/363 388/85/363 379/86/363
f 363/92/383 384/84/367 383/85/367 381/93/384
f 366/90/336 385/81/368 384/94/368 363/91/337
f 368/95/387 386/86/370 385/81/370 366/90/386
f 389/97/358 387/98/362 386/86/362 368/95/357
f 375/92/359 388/84/361 387/85/361 389/93/392
f 377/90/396 390/81/340 360/94/340 364/91/397
f 391/22/10 399/19/289 392/23/290
f 391/4/10 392/24/290 400/25/291
f 391/28/10 393/27/398 394/29/399
f 391/26/10 400/25/291 393/27/398
f 391/30/10 394/29/399 395/31/294
f 391/32/10 395/31/294 396/33/295
f 391/12/10 396/33/295 397/34/400
f 391/35/10 397/34/400 398/21/401
f 391/20/10 398/21/401 401/18/298
f 391/17/10 401/18/298 399/19/289
f 398/21/401 403/37/301 402/38/299 401/18/298
f 401/18/298 402/38/299 404/73/300 399/19/289
f 403/37/301 408/40/302 405/41/303 402/38/299
f 402/38/299 405/41/303 406/74/304 404/73/300
f 405/41/303 407/44/306 414/48/307 406/74/304
f 408/40/302 410/43/305 407/44/306 405/41/303
f 432/36/327 409/39/377 408/40/302 403/37/301
f 409/39/377 411/42/402 410/43/305 408/40/302
f 412/45/20 410/43/305 411/42/402
f 412/46/20 407/44/306 410/43/305
f 412/11/20 411/42/402 419/60/403
f 412/47/20 414/48/307 407/44/306
f 412/49/20 413/50/380 414/48/307
f 412/1/20 415/51/310 413/52/380
f 412/53/20 416/54/404 415/51/310
f 412/55/20 417/56/308 416/54/404
f 412/57/20 418/58/311 417/56/308
f 412/59/20 419/60/403 418/58/311
f 420/61/325 419/60/403 411/42/402 409/39/377
f 422/62/323 418/58/311 419/60/403 420/61/325
f 421/63/326 420/61/325 409/39/377 432/36/327
f 423/64/324 422/62/323 420/61/325 421/63/326
f 425/65/322 424/66/321 422/62/323 423/64/324
f 424/66/321 417/56/308 418/58/311 422/62/323
f 427/68/319 426/67/316 424/66/321 425/65/322
f 426/67/316 416/54/404 417/56/308 424/66/321
f 430/69/318 428/70/315 426/67/316 427/68/319
f 428/70/315 415/51/310 416/54/404 426/67/316
f 429/72/317 413/52/380 415/51/310 428/70/315
f 431/71/320 429/72/317 428/70/315 430/69/318
f 400/25/291 430/69/318 427/68/319 393/27/398
f 392/24/290 431/71/320 430/69/318 400/25/291
f 399/19/289 404/73/300 431/76/320 392/23/290
f 404/73/300 406/74/304 429/75/317 431/76/320
f 406/74/304 414/48/307 413/50/380 429/75/317
f 393/27/398 427/68/319 425/65/322 394/29/399
f 394/29/399 425/65/322 423/64/324 395/31/294
f 395/31/294 423/64/324 421/63/326 396/33/295
f 396/33/295 421/63/326 432/36/327 397/34/400
f 397/34/400 432/36/327 403/37/301 398/21/401
f 438/77/329 434/78/330 433/79/330 436/80/331
f 435/81/332 433/78/332 434/79/332 463/82/332 462/83/332 464/84/332 445/85/332 442/86/332
f 436/87/333 433/88/334 435/82/334 439/89/335
f 439/89/335 440/90/336 437/91/337 436/87/333
f 436/80/331 437/92/405 456/93/405 438/77/329
f 439/89/385 435/82/373 442/83/373 441/96/406
f 440/90/386 439/89/385 441/96/406 443/95/386
f 441/96/354 442/83/355 445/100/355 444/99/407
f 443/95/357 441/96/354 444/99/407 447/97/408
f 444/77/409 445/78/353 464/79/353 446/80/410
f 446/80/410 448/92/411 447/93/359 444/77/409
f 448/92/411 450/84/361 449/85/361 447/93/359
f 447/97/408 449/98/362 451/86/362 443/95/357
f 455/81/363 454/78/363 453/79/363 452/82/363 451/83/363 449/84/363 450/85/363 461/86/363
f 443/95/386 451/86/370 452/81/370 440/90/386
f 440/90/336 452/81/368 453/94/368 437/91/337
f 437/92/405 453/84/367 454/85/367 456/93/405
f 456/87/412 454/88/366 455/82/366 457/89/395
f 457/89/395 458/90/396 438/91/413 456/87/412
f 457/89/414 455/82/365 461/83/365 459/96/415
f 458/90/344 457/89/414 459/96/415 460/95/416
f 460/95/349 459/96/390 448/99/391 446/97/347
f 459/96/390 461/83/364 450/100/364 448/99/391
f 460/95/416 462/86/345 463/81/345 458/90/344
f 446/97/347 464/98/348 462/86/348 460/95/349
f 458/90/396 463/81/340 434/94/340 438/91/413
f 465/26/10 466/25/291 468/27/292
f 465/4/10 467/24/290 466/25/291
f 465/22/10 474/19/289 467/23/290
f 465/28/10 468/27/292 469/29/399
f 465/30/10 469/29/399 470/31/294
f 465/32/10 470/31/294 471/33/295
f 465/12/10 471/33/295 472/34/296
f 465/35/10 472/34/296 473/21/297
f 465/20/10 473/21/297 475/18/298
f 465/17/10 475/18/298 474/19/289
f 473/21/297 479/37/301 476/38/299 475/18/298
f 475/18/298 476/38/299 477/73/300 474/19/289
f 476/38/299 478/41/303 506/74/304 477/73/300
f 479/37/301 481/40/302 478/41/303 476/38/299
f 472/34/296 480/36/327 479/37/301 473/21/297
f 480/36/327 482/39/377 481/40/302 479/37/301
f 482/39/377 484/42/402 483/43/417 481/40/302
f 481/40/302 483/43/417 485/44/418 478/41/303
f 486/45/20 483/43/417 484/42/402
f 486/46/20 485/44/418 483/43/417
f 486/59/20 488/60/403 487/58/311
f 486/57/20 487/58/311 493/56/308
f 486/11/20 484/42/402 488/60/403
f 486/49/20 489/50/380 491/48/376
f 486/1/20 490/51/419 489/52/380
f 486/47/20 491/48/376 485/44/418
f 486/53/20 492/54/404 490/51/419
f 486/55/20 493/56/308 492/54/404
f 494/66/321 493/56/308 487/58/311 497/62/323
f 496/67/316 492/54/404 493/56/308 494/66/321
f 495/65/322 494/66/321 497/62/323 498/64/324
f 501/68/319 496/67/316 494/66/321 495/65/322
f 498/64/324 497/62/323 499/61/325 500/63/326
f 497/62/323 487/58/311 488/60/403 499/61/325
f 500/63/326 499/61/325 482/39/377 480/36/327
f 499/61/325 488/60/403 484/42/402 482/39/377
f 471/33/295 500/63/326 480/36/327 472/34/296
f 470/31/294 498/64/324 500/63/326 471/33/295
f 469/29/399 495/65/322 498/64/324 470/31/294
f 503/69/318 502/70/315 496/67/316 501/68/319
f 502/70/315 490/51/419 492/54/404 496/67/316
f 505/71/320 504/72/317 502/70/315 503/69/318
f 504/72/317 489/52/380 490/51/419 502/70/315
f 477/73/300 506/74/304 504/75/317 505/76/320
f 506/74/304 491/48/376 489/50/380 504/75/317
f 478/41/303 485/44/418 491/48/376 506/74/304
f 467/24/290 505/71/320 503/69/318 466/25/291
f 474/19/289 477/73/300 505/76/320 467/23/290
f 466/25/291 503/69/318 501/68/319 468/27/292
f 468/27/292 501/68/319 495/65/322 469/29/399
f 512/77/329 508/78/330 507/79/330 510/80/331
f 509/81/332 507/78/332 508/79/332 533/82/332 532/83/332 534/84/332 520/85/332 516/86/332
f 510/87/333 507/88/334 509/82/334 513/89/335
f 513/89/335 514/90/336 511/91/337 510/87/333
f 510/80/331 511/92/338 535/93/405 512/77/329
f 513/89/406 509/82/373 516/83/373 515/96/385
f 514/90/386 513/89/406 515/96/385 517/95/386
f 515/96/420 516/83/355 520/100/355 518/99/356
f 517/95/357 515/96/420 518/99/356 521/97/421
f 518/77/422 520/78/353 534/79/353 519/80/352
f 519/80/352 522/92/411 521/93/359 518/77/422
f 522/92/411 525/84/361 523/85/361 521/93/359
f 521/97/421 523/98/362 524/86/362 517/95/357
f 527/81/363 536/78/363 537/79/363 538/82/363 524/83/363 523/84/363 525/85/363 526/86/363
f 528/96/390 526/83/423 525/100/423 522/99/391
f 529/89/346 527/82/365 526/83/365 528/96/394
f 531/90/344 529/89/346 528/96/394 530/95/393
f 530/95/349 528/96/390 522/99/391 519/97/347
f 530/95/393 532/86/345 533/81/345 531/90/344
f 519/97/347 534/98/348 532/86/348 530/95/349
f 531/90/339 533/81/340 508/94/340 512/91/424
f 529/89/395 531/90/339 512/91/424 535/87/343
f 535/87/343 536/88/366 527/82/366 529/89/395
f 511/92/338 537/84/367 536/85/367 535/93/405
f 514/90/336 538/81/368 537/94/368 511/91/337
f 517/95/386 524/86/370 538/81/370 514/90/386
f 539/26/10 540/25/425 543/27/426
f 539/4/10 542/24/427 540/25/425
f 539/17/10 541/18/428 549/19/429
f 539/20/10 548/21/430 541/18/428
f 539/22/10 549/19/429 542/23/427
f 539/28/10 543/27/426 544/29/431
f 539/30/10 544/29/431 545/31/432
f 539/32/10 545/31/432 546/33/433
f 539/12/10 546/33/433 547/34/434
f 539/35/10 547/34/434 548/21/430
f 549/19/429 550/73/435 552/76/436 542/23/427
f 541/18/428 551/38/437 550/73/435 549/19/429
f 551/38/437 555/41/438 553/74/439 550/73/435
f 550/73/435 553/74/439 554/75/440 552/76/436
f 553/74/439 556/48/441 558/50/442 554/75/440
f 555/41/438 557/44/443 556/48/441 553/74/439
f 559/47/20 556/48/441 557/44/443
f 559/49/20 558/50/442 556/48/441
f 559/55/20 561/56/444 560/54/445
f 559/53/20 560/54/445 566/51/446
f 559/57/20 562/58/447 561/56/444
f 559/59/20 563/60/448 562/58/447
f 559/11/20 564/42/449 563/60/448
f 559/45/20 565/43/450 564/42/449
f 559/46/20 557/44/443 565/43/450
f 559/1/20 566/51/446 558/52/442
f 567/70/451 566/51/446 560/54/445 569/67/452
f 554/72/440 558/52/442 566/51/446 567/70/451
f 568/69/453 567/70/451 569/67/452 570/68/454
f 552/71/436 554/72/440 567/70/451 568/69/453
f 570/68/454 569/67/452 571/66/455 572/65/456
f 569/67/452 560/54/445 561/56/444 571/66/455
f 572/65/456 571/66/455 573/62/457 575/64/458
f 571/66/455 561/56/444 562/58/447 573/62/457
f 573/62/457 562/58/447 563/60/448 574/61/459
f 575/64/458 573/62/457 574/61/459 576/63/460
f 545/31/432 575/64/458 576/63/460 546/33/433
f 544/29/431 572/65/456 575/64/458 545/31/432
f 546/33/433 576/63/460 577/36/461 547/34/434
f 576/63/460 574/61/459 579/39/462 577/36/461
f 577/36/461 579/39/462 580/40/463 578/37/464
f 547/34/434 577/36/461 578/37/464 548/21/430
f 574/61/459 563/60/448 564/42/449 579/39/462
f 579/39/462 564/42/449 565/43/450 580/40/463
f 578/37/464 580/40/463 555/41/438 551/38/437
f 580/40/463 565/43/450 557/44/443 555/41/438
f 548/21/430 578/37/464 551/38/437 541/18/428
f 543/27/426 570/68/454 572/65/456 544/29/431
f 540/25/425 568/69/453 570/68/454 543/27/426
f 542/24/427 552/71/436 568/69/453 540/25/425
f 582/87/465 581/88/466 584/82/466 585/89/467
f 612/77/468 583/78/469 581/79/469 582/80/468
f 584/81/470 581/78/470 583/79/470 593/82/470 592/83/470 590/84/470 588/85/470 586/86/470
f 585/89/471 584/82/472 586/83/472 587/96/473
f 587/96/474 586/83/475 588/100/475 589/99/476
f 589/77/477 588/78/478 590/79/478 591/80/477
f 591/97/479 590/98/480 592/86/480 594/95/481
f 594/95/482 592/86/483 593/81/483 595/90/482
f 595/90/482 598/89/484 596/96/485 594/95/482
f 594/95/481 596/96/486 599/99/487 591/97/479
f 596/96/486 597/83/488 600/100/488 599/99/487
f 598/89/484 610/82/489 597/83/489 596/96/485
f 599/92/490 600/84/491 602/85/491 601/93/490
f 591/80/477 599/92/490 601/93/490 589/77/477
f 601/97/492 602/98/493 605/86/493 603/95/494
f 603/95/494 587/96/474 589/99/476 601/97/492
f 603/95/495 605/86/496 606/81/496 604/90/497
f 604/90/497 585/89/471 587/96/473 603/95/495
f 610/81/498 609/78/498 607/79/498 606/82/498 605/83/498 602/84/498 600/85/498 597/86/498
f 604/90/499 606/81/500 607/94/500 608/91/501
f 608/92/502 607/84/503 609/85/503 611/93/502
f 611/87/504 609/88/505 610/82/505 598/89/506
f 582/80/468 608/92/502 611/93/502 612/77/468
f 598/89/506 595/90/507 612/91/508 611/87/504
f 595/90/507 593/81/509 583/94/509 612/91/508
f 585/89/467 604/90/499 608/91/501 582/87/465
f 613/22/10 621/19/510 614/23/511
f 613/4/10 614/24/511 622/25/512
f 613/28/10 615/27/513 616/29/514
f 613/26/10 622/25/512 615/27/513
f 613/30/10 616/29/514 617/31/515
f 613/32/10 617/31/515 618/33/516
f 613/12/10 618/33/516 619/34/517
f 613/35/10 619/34/517 620/21/518
f 613/20/10 620/21/518 623/18/519
f 613/17/10 623/18/519 621/19/510
f 620/21/518 625/37/520 624/38/521 623/18/519
f 623/18/519 624/38/521 626/73/522 621/19/510
f 625/37/520 628/40/523 627/41/524 624/38/521
f 624/38/521 627/41/524 629/74/525 626/73/522
f 628/40/523 633/43/526 630/44/527 627/41/524
f 627/41/524 630/44/527 631/48/528 629/74/525
f 632/47/20 631/48/528 630/44/527
f 632/46/20 630/44/527 633/43/526
f 635/39/529 634/42/530 633/43/526 628/40/523
f 632/45/20 633/43/526 634/42/530
f 637/61/531 636/60/532 634/42/530 635/39/529
f 632/11/20 634/42/530 636/60/532
f 639/62/533 638/58/534 636/60/532 637/61/531
f 632/59/20 636/60/532 638/58/534
f 641/66/535 640/56/536 638/58/534 639/62/533
f 632/57/20 638/58/534 640/56/536
f 643/67/537 642/54/538 640/56/536 641/66/535
f 632/55/20 640/56/536 642/54/538
f 646/70/539 644/51/540 642/54/538 643/67/537
f 632/53/20 642/54/538 644/51/540
f 632/1/20 644/51/540 645/52/541
f 648/72/542 645/52/541 644/51/540 646/70/539
f 647/69/543 646/70/539 643/67/537 650/68/544
f 649/71/545 648/72/542 646/70/539 647/69/543
f 626/73/522 629/74/525 648/75/542 649/76/545
f 629/74/525 631/48/528 645/50/541 648/75/542
f 621/19/510 626/73/522 649/76/545 614/23/511
f 614/24/511 649/71/545 647/69/543 622/25/512
f 622/25/512 647/69/543 650/68/544 615/27/513
f 615/27/513 650/68/544 651/65/546 616/29/514
f 650/68/544 643/67/537 641/66/535 651/65/546
f 616/29/514 651/65/546 652/64/547 617/31/515
f 651/65/546 641/66/535 639/62/533 652/64/547
f 652/64/547 639/62/533 637/61/531 653/63/548
f 617/31/515 652/64/547 653/63/548 618/33/516
f 653/63/548 637/61/531 635/39/529 654/36/549
f 618/33/516 653/63/548 654/36/549 619/34/517
f 619/34/517 654/36/549 625/37/520 620/21/518
f 654/36/549 635/39/529 628/40/523 625/37/520
f 632/49/20 645/50/541 631/48/528
f 660/77/550 656/78/551 655/79/551 658/80/550
f 657/81/552 655/78/552 656/79/552 671/82/552 670/83/552 668/84/552 667/85/552 666/86/552
f 658/87/553 655/88/554 657/82/554 661/89/555
f 661/89/555 662/90/556 659/91/557 658/87/553
f 658/80/550 659/92/558 678/93/559 660/77/550
f 661/89/560 657/82/561 666/83/561 663/96/560
f 662/90/562 661/89/560 663/96/560 664/95/563
f 664/95/564 663/96/565 665/99/566 686/97/567
f 663/96/565 666/83/568 667/100/568 665/99/566
f 665/77/569 667/78/570 668/79/570 669/80/571
f 669/97/572 668/98/573 670/86/573 672/95/574
f 672/95/575 670/86/576 671/81/576 673/90/577
f 673/90/577 677/89/578 674/96/578 672/95/575
f 672/95/574 674/96/579 675/99/580 669/97/572
f 674/96/579 676/83/581 685/100/581 675/99/580
f 677/89/578 679/82/582 676/83/582 674/96/578
f 678/87/583 680/88/584 679/82/584 677/89/585
f 677/89/585 673/90/586 660/91/587 678/87/583
f 679/81/588 680/78/588 681/79/588 682/82/588 683/83/588 684/84/588 685/85/588 676/86/588
f 659/92/558 681/84/589 680/85/589 678/93/559
f 662/90/556 682/81/590 681/94/590 659/91/557
f 664/95/563 683/86/591 682/81/591 662/90/562
f 686/97/567 684/98/592 683/86/592 664/95/564
f 675/92/593 685/84/594 684/85/594 686/93/593
f 669/80/571 675/92/593 686/93/593 665/77/569
f 673/90/586 671/81/595 656/94/595 660/91/587
f 687/22/10 695/19/429 688/23/427
f 687/4/10 688/24/427 696/25/596
f 687/28/10 689/27/597 690/29/431
f 687/26/10 696/25/596 689/27/597
f 687/30/10 690/29/431 691/31/598
f 687/32/10 691/31/598 692/33/433
f 687/12/10 692/33/433 693/34/434
f 687/35/10 693/34/434 694/21/430
f 687/20/10 694/21/430 697/18/428
f 687/17/10 697/18/428 695/19/429
f 694/21/430 699/37/464 698/38/437 697/18/428
f 697/18/428 698/38/437 700/73/435 695/19/429
f 699/37/464 704/40/463 701/41/438 698/38/437
f 698/38/437 701/41/438 702/74/439 700/73/435
f 701/41/438 703/44/599 710/48/600 702/74/439
f 704/40/463 706/43/450 703/44/599 701/41/438
f 728/36/461 705/39/462 704/40/463 699/37/464
f 705/39/462 707/42/449 706/43/450 704/40/463
f 708/45/20 706/43/450 707/42/449
f 708/46/20 703/44/599 706/43/450
f 708/11/20 707/42/449 715/60/448
f 708/49/20 709/50/442 710/48/600
f 708/1/20 711/51/446 709/52/442
f 708/47/20 710/48/600 703/44/599
f 708/53/20 712/54/601 711/51/446
f 708/55/20 713/56/602 712/54/601
f 708/57/20 714/58/447 713/56/602
f 708/59/20 715/60/448 714/58/447
f 716/61/459 715/60/448 707/42/449 705/39/462
f 718/62/457 714/58/447 715/60/448 716/61/459
f 717/63/460 716/61/459 705/39/462 728/36/461
f 719/64/458 718/62/457 716/61/459 717/63/460
f 721/65/456 720/66/455 718/62/457 719/64/458
f 720/66/455 713/56/602 714/58/447 718/62/457
f 723/68/454 722/67/452 720/66/455 721/65/456
f 722/67/452 712/54/601 713/56/602 720/66/455
f 726/69/453 724/70/451 722/67/452 723/68/454
f 724/70/451 711/51/446 712/54/601 722/67/452
f 725/72/603 709/52/442 711/51/446 724/70/451
f 727/71/436 725/72/603 724/70/451 726/69/453
f 696/25/596 726/69/453 723/68/454 689/27/597
f 688/24/427 727/71/436 726/69/453 696/25/596
f 695/19/429 700/73/435 727/76/436 688/23/427
f 700/73/435 702/74/439 725/75/603 727/76/436
f 702/74/439 710/48/600 709/50/442 725/75/603
f 689/27/597 723/68/454 721/65/456 690/29/431
f 690/29/431 721/65/456 719/64/458 691/31/598
f 691/31/598 719/64/458 717/63/460 692/33/433
f 692/33/433 717/63/460 728/36/461 693/34/434
f 693/34/434 728/36/461 699/37/464 694/21/430
f 734/77/468 730/78/469 729/79/469 732/80/468
f 731/81/470 729/78/470 730/79/470 758/82/470 759/83/470 760/84/470 742/85/470 738/86/470
f 732/87/604 729/88/466 731/82/466 735/89/467
f 735/89/467 736/90/499 733/91/605 732/87/604
f 732/80/468 733/92/502 754/93/502 734/77/468
f 735/89/473 731/82/472 738/83/472 737/96/473
f 736/90/497 735/89/473 737/96/473 739/95/497
f 737/96/474 738/83/606 742/100/606 740/99/476
f 739/95/494 737/96/474 740/99/476 743/97/492
f 740/77/477 742/78/478 760/79/478 741/80/477
f 741/80/477 744/92/490 743/93/490 740/77/477
f 744/92/490 747/84/491 745/85/491 743/93/490
f 743/97/492 745/98/493 746/86/493 739/95/494
f 749/81/498 755/78/498 756/79/498 757/82/498 746/83/498 745/84/498 747/85/498 748/86/498
f 750/96/486 748/83/488 747/100/488 744/99/487
f 752/89/607 749/82/489 748/83/489 750/96/485
f 751/95/481 750/96/486 744/99/487 741/97/608
f 753/90/482 752/89/607 750/96/485 751/95/482
f 754/87/504 755/88/505 749/82/505 752/89/609
f 752/89/609 753/90/507 734/91/508 754/87/504
f 733/92/502 756/84/503 755/85/503 754/93/502
f 736/90/499 757/81/500 756/94/500 733/91/605
f 739/95/497 746/86/496 757/81/496 736/90/497
f 753/90/507 758/81/509 730/94/509 734/91/508
f 751/95/482 759/86/483 758/81/483 753/90/482
f 741/97/608 760/98/480 759/86/480 751/95/481
f 761/17/10 762/18/610 771/19/510
f 761/20/10 770/21/611 762/18/610
f 761/26/10 763/25/612 765/27/613
f 761/4/10 764/24/511 763/25/612
f 761/22/10 771/19/510 764/23/511
f 761/28/10 765/27/613 766/29/514
f 761/30/10 766/29/514 767/31/515
f 761/32/10 767/31/515 768/33/516
f 761/12/10 768/33/516 769/34/517
f 761/35/10 769/34/517 770/21/611
f 771/19/510 772/73/522 774/76/545 764/23/511
f 762/18/610 773/38/521 772/73/522 771/19/510
f 773/38/521 777/41/524 775/74/525 772/73/522
f 772/73/522 775/74/525 776/75/542 774/76/545
f 775/74/525 778/48/614 780/50/615 776/75/542
f 777/41/524 779/44/527 778/48/614 775/74/525
f 781/47/20 778/48/614 779/44/527
f 781/49/20 780/50/615 778/48/614
f 781/59/20 783/60/532 782/58/534
f 781/57/20 782/58/534 788/56/616
f 781/11/20 784/42/530 783/60/532
f 781/45/20 785/43/617 784/42/530
f 781/46/20 779/44/527 785/43/617
f 781/1/20 786/51/540 780/52/615
f 781/53/20 787/54/538 786/51/540
f 781/55/20 788/56/616 787/54/538
f 789/66/535 788/56/616 782/58/534 792/62/533
f 791/67/537 787/54/538 788/56/616 789/66/535
f 790/65/546 789/66/535 792/62/533 793/64/547
f 800/68/544 791/67/537 789/66/535 790/65/546
f 793/64/547 792/62/533 794/61/531 795/63/548
f 792/62/533 782/58/534 783/60/532 794/61/531
f 795/63/548 794/61/531 796/39/529 798/36/549
f 794/61/531 783/60/532 784/42/530 796/39/529
f 796/39/529 784/42/530 785/43/617 797/40/523
f 798/36/549 796/39/529 797/40/523 799/37/520
f 769/34/517 798/36/549 799/37/520 770/21/611
f 768/33/516 795/63/548 798/36/549 769/34/517
f 770/21/611 799/37/520 773/38/521 762/18/610
f 799/37/520 797/40/523 777/41/524 773/38/521
f 797/40/523 785/43/617 779/44/527 777/41/524
f 767/31/515 793/64/547 795/63/548 768/33/516
f 766/29/514 790/65/546 793/64/547 767/31/515
f 802/69/543 801/70/539 791/67/537 800/68/544
f 801/70/539 786/51/540 787/54/538 791/67/537
f 774/71/545 776/72/542 801/70/539 802/69/543
f 776/72/542 780/52/615 786/51/540 801/70/539
f 764/24/511 774/71/545 802/69/543 763/25/612
f 763/25/612 802/69/543 800/68/544 765/27/613
f 765/27/613 800/68/544 790/65/546 766/29/514
f 808/77/550 804/78/551 803/79/551 806/80/618
f 805/81/552 803/78/552 804/79/552 833/82/552 832/83/552 834/84/552 815/85/552 812/86/552
f 806/87/553 803/88/554 805/82/554 809/89/619
f 809/89/619 810/90/620 807/91/557 806/87/553
f 806/80/618 807/92/559 826/93/559 808/77/550
f 809/89/560 805/82/561 812/83/561 811/96/621
f 810/90/562 809/89/560 811/96/621 813/95/563
f 811/96/565 812/83/568 815/100/568 814/99/622
f 813/95/564 811/96/565 814/99/622 817/97/623
f 814/77/571 815/78/570 834/79/570 816/80/569
f 816/80/569 818/92/593 817/93/593 814/77/571
f 818/92/593 820/84/594 819/85/594 817/93/593
f 817/97/623 819/98/624 821/86/624 813/95/564
f 825/81/588 824/78/588 823/79/588 822/82/588 821/83/588 819/84/588 820/85/588 831/86/588
f 813/95/563 821/86/591 822/81/591 810/90/562
f 810/90/620 822/81/625 823/94/625 807/91/557
f 807/92/559 823/84/589 824/85/589 826/93/559
f 826/87/626 824/88/584 825/82/584 827/89/585
f 827/89/585 828/90/586 808/91/587 826/87/626
f 828/90/577 827/89/627 829/96/578 830/95/577
f 827/89/627 825/82/582 831/83/582 829/96/578
f 830/95/574 829/96/579 818/99/580 816/97/628
f 829/96/579 831/83/581 820/100/581 818/99/580
f 830/95/577 832/86/576 833/81/576 828/90/577
f 816/97/628 834/98/573 832/86/573 830/95/574
f 828/90/586 833/81/595 804/94/595 808/91/587
f 835/22/10 843/19/510 836/23/511
f 835/4/10 836/24/511 844/25/512
f 835/28/10 837/27/513 838/29/514
f 835/26/10 844/25/512 837/27/513
f 835/30/10 838/29/514 839/31/515
f 835/32/10 839/31/515 840/33/629
f 835/12/10 840/33/629 841/34/517
f 835/35/10 841/34/517 842/21/611
f 835/20/10 842/21/611 845/18/519
f 835/17/10 845/18/519 843/19/510
f 845/18/519 846/38/521 848/73/522 843/19/510
f 842/21/611 847/37/520 846/38/521 845/18/519
f 847/37/520 850/40/523 849/41/524 846/38/521
f 846/38/521 849/41/524 851/74/525 848/73/522
f 850/40/523 853/43/617 852/44/527 849/41/524
f 849/41/524 852/44/527 854/48/614 851/74/525
f 855/46/20 852/44/527 853/43/617
f 855/47/20 854/48/614 852/44/527
f 855/55/20 857/56/616 856/54/538
f 855/53/20 856/54/538 862/51/540
f 855/57/20 858/58/534 857/56/616
f 855/59/20 859/60/532 858/58/534
f 855/11/20 860/42/630 859/60/532
f 855/45/20 853/43/617 860/42/630
f 855/49/20 861/50/541 854/48/614
f 855/1/20 862/51/540 861/52/541
f 863/70/539 862/51/540 856/54/538 866/67/537
f 865/72/542 861/52/541 862/51/540 863/70/539
f 864/69/543 863/70/539 866/67/537 867/68/544
f 876/71/545 865/72/542 863/70/539 864/69/543
f 867/68/544 866/67/537 868/66/535 869/65/546
f 866/67/537 856/54/538 857/56/616 868/66/535
f 869/65/546 868/66/535 870/62/533 872/64/547
f 868/66/535 857/56/616 858/58/534 870/62/533
f 870/62/533 858/58/534 859/60/532 871/61/531
f 872/64/547 870/62/533 871/61/531 873/63/548
f 839/31/515 872/64/547 873/63/548 840/33/629
f 838/29/514 869/65/546 872/64/547 839/31/515
f 840/33/629 873/63/548 874/36/549 841/34/517
f 873/63/548 871/61/531 875/39/529 874/36/549
f 874/36/549 875/39/529 850/40/523 847/37/520
f 841/34/517 874/36/549 847/37/520 842/21/611
f 871/61/531 859/60/532 860/42/630 875/39/529
f 875/39/529 860/42/630 853/43/617 850/40/523
f 837/27/513 867/68/544 869/65/546 838/29/514
f 844/25/512 864/69/543 867/68/544 837/27/513
f 848/73/522 851/74/525 865/75/542 876/76/545
f 851/74/525 854/48/614 861/50/541 865/75/542
f 843/19/510 848/73/522 876/76/545 836/23/511
f 836/24/511 876/71/545 864/69/543 844/25/512
f 882/77/618 878/78/551 877/79/551 880/80/550
f 879/81/552 877/78/552 878/79/552 903/82/552 902/83/552 904/84/552 905/85/552 887/86/552
f 880/87/631 877/88/554 879/82/554 883/89/619
f 883/89/619 884/90/632 881/91/632 880/87/631
f 880/80/550 881/92/558 906/93/633 882/77/618
f 883/89/560 879/82/561 887/83/561 885/96/621
f 884/90/562 883/89/560 885/96/621 888/95/562
f 885/96/565 887/83/568 905/100/568 886/99/622
f 888/95/564 885/96/565 886/99/622 889/97/634
f 888/95/562 890/86/591 891/81/591 884/90/562
f 889/97/634 892/98/624 890/86/624 888/95/564
f 896/81/588 907/78/588 908/79/588 891/82/588 890/83/588 892/84/588 893/85/588 895/86/588
f 894/92/593 893/84/594 892/85/594 889/93/593
f 897/96/579 895/83/581 893/100/581 894/99/580
f 898/89/627 896/82/582 895/83/582 897/96/627
f 900/90/635 898/89/627 897/96/627 899/95/575
f 899/95/636 897/96/579 894/99/580 901/97/628
f 899/95/575 902/86/576 903/81/576 900/90/635
f 901/97/628 904/98/573 902/86/573 899/95/636
f 886/77/571 905/78/570 904/79/570 901/80/571
f 900/90/586 903/81/595 878/94/595 882/91/637
f 901/80/571 894/92/593 889/93/593 886/77/571
f 898/89/585 900/90/586 882/91/637 906/87/626
f 906/87/626 907/88/584 896/82/584 898/89/585
f 881/92/558 908/84/589 907/85/589 906/93/633
f 884/90/632 891/81/590 908/94/590 881/91/632
f 909/22/10 917/19/429 910/23/427
f 909/4/10 910/24/427 918/25/596
f 909/28/10 911/27/426 912/29/431
f 909/26/10 918/25/596 911/27/426
f 909/30/10 912/29/431 913/31/598
f 909/32/10 913/31/598 914/33/638
f 909/12/10 914/33/638 915/34/434
f 909/35/10 915/34/434 916/21/430
f 909/20/10 916/21/430 919/18/639
f 909/17/10 919/18/639 917/19/429
f 916/21/430 921/37/464 920/38/437 919/18/639
f 919/18/639 920/38/437 922/73/435 917/19/429
f 921/37/464 924/40/463 923/41/438 920/38/437
f 920/38/437 923/41/438 925/74/439 922/73/435
f 924/40/463 929/43/450 926/44/599 923/41/438
f 923/41/438 926/44/599 927/48/441 925/74/439
f 928/47/20 927/48/441 926/44/599
f 928/46/20 926/44/599 929/43/450
f 931/39/462 930/42/449 929/43/450 924/40/463
f 928/45/20 929/43/450 930/42/449
f 933/61/459 932/60/448 930/42/449 931/39/462
f 928/11/20 930/42/449 932/60/448
f 935/62/457 934/58/447 932/60/448 933/61/459
f 928/59/20 932/60/448 934/58/447
f 937/66/640 936/56/444 934/58/447 935/62/457
f 928/57/20 934/58/447 936/56/444
f 939/67/452 938/54/445 936/56/444 937/66/640
f 928/55/20 936/56/444 938/54/445
f 942/70/451 940/51/446 938/54/445 939/67/452
f 928/53/20 938/54/445 940/51/446
f 928/1/20 940/51/446 941/52/442
f 944/72/603 941/52/442 940/51/446 942/70/451
f 943/69/453 942/70/451 939/67/452 946/68/454
f 945/71/436 944/72/603 942/70/451 943/69/453
f 922/73/435 925/74/439 944/75/603 945/76/436
f 925/74/439 927/48/441 941/50/442 944/75/603
f 917/19/429 922/73/435 945/76/436 910/23/427
f 910/24/427 945/71/436 943/69/453 918/25/596
f 918/25/596 943/69/453 946/68/454 911/27/426
f 911/27/426 946/68/454 947/65/456 912/29/431
f 946/68/454 939/67/452 937/66/640 947/65/456
f 912/29/431 947/65/456 948/64/458 913/31/598
f 947/65/456 937/66/640 935/62/457 948/64/458
f 948/64/458 935/62/457 933/61/459 949/63/460
f 913/31/598 948/64/458 949/63/460 914/33/638
f 949/63/460 933/61/459 931/39/462 950/36/461
f 914/33/638 949/63/460 950/36/461 915/34/434
f 915/34/434 950/36/461 921/37/464 916/21/430
f 950/36/461 931/39/462 924/40/463 921/37/464
f 928/49/20 941/50/442 927/48/441
f 956/77/641 952/78/469 951/79/469 954/80/642
f 953/81/470 951/78/470 952/79/470 982/82/470 965/83/470 964/84/470 963/85/470 962/86/470
f 954/87/604 951/88/466 953/82/466 957/89/467
f 957/89/467 958/90/499 955/91/605 954/87/604
f 954/80/642 955/92/502 973/93/643 956/77/641
f 957/89/471 953/82/472 962/83/472 959/96/471
f 958/90/497 957/89/471 959/96/471 960/95/497
f 960/95/494 959/96/474 961/99/476 981/97/492
f 959/96/474 962/83/475 963/100/475 961/99/476
f 961/77/644 963/78/478 964/79/478 966/80/477
f 966/97/608 964/98/480 965/86/480 968/95/481
f 968/95/481 970/96/645 967/99/646 966/97/608
f 966/80/477 967/92/647 981/93/648 961/77/644
f 968/95/649 965/86/483 982/81/483 969/90/649
f 969/90/649 972/89/484 970/96/485 968/95/649
f 970/96/645 971/83/488 980/100/488 967/99/646
f 972/89/484 974/82/489 971/83/489 970/96/485
f 972/89/506 969/90/507 956/91/650 973/87/651
f 973/87/651 975/88/505 974/82/505 972/89/506
f 974/81/498 975/78/498 976/79/498 977/82/498 978/83/498 979/84/498 980/85/498 971/86/498
f 955/92/502 976/84/503 975/85/503 973/93/643
f 958/90/499 977/81/500 976/94/500 955/91/605
f 960/95/497 978/86/496 977/81/496 958/90/497
f 981/97/492 979/98/493 978/86/493 960/95/494
f 967/92/647 980/84/491 979/85/491 981/93/648
f 969/90/507 982/81/509 952/94/509 956/91/650
f 983/26/10 984/25/596 987/27/426
f 983/4/10 986/24/427 984/25/596
f 983/17/10 985/18/428 993/19/429
f 983/20/10 992/21/652 985/18/428
f 983/22/10 993/19/429 986/23/427
f 983/28/10 987/27/426 988/29/653
f 983/30/10 988/29/653 989/31/598
f 983/32/10 989/31/598 990/33/433
f 983/12/10 990/33/433 991/34/434
f 983/35/10 991/34/434 992/21/652
f 985/18/428 996/38/654 994/73/435 993/19/429
f 993/19/429 994/73/435 995/76/436 986/23/427
f 994/73/435 997/74/439 998/75/440 995/76/436
f 996/38/654 999/41/438 997/74/439 994/73/435
f 997/74/439 1000/48/655 1002/50/442 998/75/440
f 999/41/438 1001/44/599 1000/48/655 997/74/439
f 1003/47/20 1000/48/655 1001/44/599
f 1003/49/20 1002/50/442 1000/48/655
f 1003/45/20 1005/43/656 1004/42/657
f 1003/11/20 1004/42/657 1010/60/448
f 1003/46/20 1001/44/599 1005/43/656
f 1003/1/20 1006/51/446 1002/52/442
f 1003/53/20 1007/54/601 1006/51/446
f 1003/55/20 1008/56/444 1007/54/601
f 1003/57/20 1009/58/447 1008/56/444
f 1003/59/20 1010/60/448 1009/58/447
f 1011/61/459 1010/60/448 1004/42/657 1014/39/462
f 1013/62/457 1009/58/447 1010/60/448 1011/61/459
f 1012/63/460 1011/61/459 1014/39/462 1015/36/461
f 1018/64/458 1013/62/457 1011/61/459 1012/63/460
f 1015/36/461 1014/39/462 1016/40/463 1017/37/464
f 1014/39/462 1004/42/657 1005/43/656 1016/40/463
f 1017/37/464 1016/40/463 999/41/438 996/38/654
f 1016/40/463 1005/43/656 1001/44/599 999/41/438
f 992/21/652 1017/37/464 996/38/654 985/18/428
f 991/34/434 1015/36/461 1017/37/464 992/21/652
f 990/33/433 1012/63/460 1015/36/461 991/34/434
f 1020/65/456 1019/66/640 1013/62/457 1018/64/458
f 1019/66/640 1008/56/444 1009/58/447 1013/62/457
f 1022/68/454 1021/67/452 1019/66/640 1020/65/456
f 1021/67/452 1007/54/601 1008/56/444 1019/66/640
f 1024/69/453 1023/70/451 1021/67/452 1022/68/454
f 1023/70/451 1006/51/446 1007/54/601 1021/67/452
f 998/72/440 1002/52/442 1006/51/446 1023/70/451
f 995/71/436 998/72/440 1023/70/451 1024/69/453
f 984/25/596 1024/69/453 1022/68/454 987/27/426
f 986/24/427 995/71/436 1024/69/453 984/25/596
f 987/27/426 1022/68/454 1020/65/456 988/29/653
f 988/29/653 1020/65/456 1018/64/458 989/31/598
f 989/31/598 1018/64/458 1012/63/460 990/33/433
f 1030/77/642 1026/78/469 1025/79/469 1028/80/642
f 1027/81/470 1025/78/470 1026/79/470 1055/82/470 1054/83/470 1056/84/470 1037/85/470 1034/86/470
f 1028/87/604 1025/88/466 1027/82/466 1031/89/467
f 1031/89/467 1032/90/499 1029/91/605 1028/87/604
f 1028/80/642 1029/92/643 1048/93/643 1030/77/642
f 1031/89/471 1027/82/472 1034/83/472 1033/96/473
f 1032/90/497 1031/89/471 1033/96/473 1035/95/658
f 1033/96/659 1034/83/475 1037/100/475 1036/99/660
f 1035/95/494 1033/96/659 1036/99/660 1039/97/661
f 1036/77/477 1037/78/478 1056/79/478 1038/80/644
f 1038/80/644 1040/92/490 1039/93/490 1036/77/477
f 1040/92/490 1042/84/491 1041/85/491 1039/93/490
f 1039/97/661 1041/98/493 1043/86/493 1035/95/494
f 1047/81/498 1046/78/498 1045/79/498 1044/82/498 1043/83/498 1041/84/498 1042/85/498 1053/86/498
f 1035/95/658 1043/86/496 1044/81/496 1032/90/497
f 1032/90/499 1044/81/662 1045/94/662 1029/91/605
f 1029/92/643 1045/84/503 1046/85/503 1048/93/643
f 1048/87/504 1046/88/505 1047/82/505 1049/89/609
f 1049/89/609 1050/90/507 1030/91/508 1048/87/504
f 1049/89/485 1047/82/489 1053/83/489 1051/96/484
f 1050/90/482 1049/89/485 1051/96/484 1052/95/482
f 1052/95/481 1051/96/486 1040/99/646 1038/97/479
f 1051/96/486 1053/83/488 1042/100/488 1040/99/646
f 1052/95/482 1054/86/483 1055/81/483 1050/90/482
f 1038/97/479 1056/98/480 1054/86/480 1052/95/481
f 1050/90/507 1055/81/509 1026/94/509 1030/91/508
f 1057/22/10 1065/19/510 1058/23/511
f 1057/4/10 1058/24/511 1066/25/512
f 1057/28/10 1059/27/613 1060/29/514
f 1057/26/10 1066/25/512 1059/27/613
f 1057/30/10 1060/29/514 1061/31/515
f 1057/32/10 1061/31/515 1062/33/629
f 1057/12/10 1062/33/629 1063/34/663
f 1057/35/10 1063/34/663 1064/21/611
f 1057/20/10 1064/21/611 1067/18/519
f 1057/17/10 1067/18/519 1065/19/510
f 1064/21/611 1071/37/520 1068/38/521 1067/18/519
f 1067/18/519 1068/38/521 1069/73/522 1065/19/510
f 1068/38/521 1070/41/524 1080/74/525 1069/73/522
f 1071/37/520 1073/40/523 1070/41/524 1068/38/521
f 1063/34/663 1072/36/549 1071/37/520 1064/21/611
f 1072/36/549 1074/39/529 1073/40/523 1071/37/520
f 1074/39/529 1076/42/530 1075/43/617 1073/40/523
f 1073/40/523 1075/43/617 1078/44/527 1070/41/524
f 1077/45/20 1075/43/617 1076/42/530
f 1077/46/20 1078/44/527 1075/43/617
f 1070/41/524 1078/44/527 1079/48/614 1080/74/525
f 1077/47/20 1079/48/614 1078/44/527
f 1080/74/525 1079/48/614 1081/50/541 1082/75/664
f 1077/49/20 1081/50/541 1079/48/614
f 1082/72/664 1081/52/541 1083/51/540 1084/70/539
f 1077/1/20 1083/51/540 1081/52/541
f 1084/70/539 1083/51/540 1085/54/538 1086/67/537
f 1077/53/20 1085/54/538 1083/51/540
f 1086/67/537 1085/54/538 1087/56/536 1088/66/535
f 1077/55/20 1087/56/536 1085/54/538
f 1088/66/535 1087/56/536 1089/58/534 1091/62/533
f 1077/57/20 1089/58/534 1087/56/536
f 1077/59/20 1090/60/532 1089/58/534
f 1091/62/533 1089/58/534 1090/60/532 1093/61/531
f 1092/64/547 1091/62/533 1093/61/531 1094/63/548
f 1095/65/546 1088/66/535 1091/62/533 1092/64/547
f 1094/63/548 1093/61/531 1074/39/529 1072/36/549
f 1093/61/531 1090/60/532 1076/42/530 1074/39/529
f 1062/33/629 1094/63/548 1072/36/549 1063/34/663
f 1061/31/515 1092/64/547 1094/63/548 1062/33/629
f 1060/29/514 1095/65/546 1092/64/547 1061/31/515
f 1059/27/613 1096/68/544 1095/65/546 1060/29/514
f 1096/68/544 1086/67/537 1088/66/535 1095/65/546
f 1066/25/512 1097/69/543 1096/68/544 1059/27/613
f 1097/69/543 1084/70/539 1086/67/537 1096/68/544
f 1098/71/545 1082/72/664 1084/70/539 1097/69/543
f 1058/24/511 1098/71/545 1097/69/543 1066/25/512
f 1069/73/522 1080/74/525 1082/75/664 1098/76/545
f 1065/19/510 1069/73/522 1098/76/545 1058/23/511
f 1077/11/20 1076/42/530 1090/60/532
f 1100/87/553 1099/88/554 1102/82/554 1104/89/619
f 1125/77/550 1101/78/551 1099/79/551 1100/80/665
f 1102/81/552 1099/78/552 1101/79/552 1123/82/552 1122/83/552 1124/84/552 1110/85/552 1103/86/552
f 1104/89/560 1102/82/561 1103/83/561 1106/96/560
f 1104/89/619 1105/90/556 1127/91/557 1100/87/553
f 1105/90/562 1104/89/560 1106/96/560 1107/95/562
f 1106/96/565 1103/83/568 1110/100/568 1108/99/622
f 1107/95/564 1106/96/565 1108/99/622 1111/97/666
f 1108/77/569 1110/78/570 1124/79/570 1109/80/569
f 1109/80/569 1112/92/593 1111/93/593 1108/77/569
f 1112/92/593 1115/84/594 1113/85/594 1111/93/593
f 1111/97/666 1113/98/624 1114/86/624 1107/95/564
f 1117/81/588 1128/78/588 1129/79/588 1130/82/588 1114/83/588 1113/84/588 1115/85/588 1116/86/588
f 1118/96/579 1116/83/581 1115/100/581 1112/99/667
f 1119/89/578 1117/82/582 1116/83/582 1118/96/578
f 1121/90/575 1119/89/578 1118/96/578 1120/95/575
f 1120/95/574 1118/96/579 1112/99/667 1109/97/574
f 1120/95/575 1122/86/576 1123/81/576 1121/90/575
f 1109/97/574 1124/98/573 1122/86/573 1120/95/574
f 1121/90/586 1123/81/595 1101/94/595 1125/91/668
f 1119/89/585 1121/90/586 1125/91/668 1126/87/626
f 1100/80/665 1127/92/559 1126/93/559 1125/77/550
f 1127/92/559 1129/84/589 1128/85/589 1126/93/559
f 1126/87/626 1128/88/584 1117/82/584 1119/89/585
f 1105/90/556 1130/81/590 1129/94/590 1127/91/557
f 1107/95/562 1114/86/591 1130/81/591 1105/90/562
