# Blender 4.2.3 LTS
# www.blender.org
mtllib rightHand.mtl
o Robot_Right_Hand
v -1.644768 2.780765 -0.263859
v -1.755070 2.751873 -0.263673
v -1.677511 2.853129 -0.298013
v -1.651995 2.810014 -0.005634
v -1.762297 2.781122 -0.005448
v -1.686121 2.887975 0.009622
v -1.783573 2.862450 0.009786
v -1.693855 2.969869 0.000129
v -1.685245 2.935023 -0.307506
v -1.804158 2.940978 0.000315
v -1.732854 3.043575 -0.009311
v -1.724244 3.008729 -0.316946
v -1.824743 3.019507 -0.009157
v -1.733437 3.120502 -0.075533
v -1.728002 3.098505 -0.269729
v -1.843740 3.091611 -0.075347
v -1.838305 3.069614 -0.269543
v -1.816133 2.984661 -0.316792
v -1.795548 2.906132 -0.307321
v -1.774963 2.827604 -0.297850
v -1.706471 3.018162 0.012864
v -1.724375 3.018202 0.029078
v -1.724230 3.033336 0.006712
v -1.716644 3.030813 -0.005022
v -1.707324 3.021915 -0.010982
v -1.699828 3.010040 -0.008892
v -1.697021 2.999724 0.000449
v -1.699973 2.994907 0.013474
v -1.707559 2.997429 0.025207
v -1.716879 3.006327 0.031168
v -1.727182 3.028519 0.019737
v -1.751243 3.026836 0.018442
v -1.746466 3.034630 -0.002633
v -1.746700 3.010144 0.033557
v -1.769464 3.013757 0.009475
v -1.764921 2.997065 0.024589
v -1.764686 3.021552 -0.011600
v -1.774884 2.994278 -0.003740
v -1.772076 2.983962 0.005601
v -1.771931 2.999095 -0.016765
v -1.765433 2.975839 -0.016155
v -1.764346 2.996573 -0.028499
v -1.755025 2.987675 -0.034459
v -1.747529 2.975800 -0.032370
v -1.744722 2.965484 -0.023028
v -1.747674 2.960666 -0.010003
v -1.755260 2.963188 0.001730
v -1.764580 2.972086 0.007691
v -1.752792 2.977850 0.027970
v -1.734572 2.990929 0.036938
v -1.737711 2.963453 0.018327
v -1.719491 2.976532 0.027294
v -1.725438 2.959372 -0.000659
v -1.707218 2.972450 0.008309
v -1.720661 2.967166 -0.021734
v -1.702440 2.980245 -0.012766
v -1.725204 2.983859 -0.036848
v -1.737332 3.003073 -0.040229
v -1.706983 2.996937 -0.027881
v -1.719112 3.016152 -0.031262
v -1.734192 3.030549 -0.021618
v -1.752413 3.017471 -0.030586
v -1.673613 2.850611 -0.001341
v -1.682553 2.848664 0.019665
v -1.658887 2.858670 -0.008360
v -1.698474 2.880996 -0.011354
v -1.738487 2.944387 -0.022509
v -1.709023 2.878698 0.013430
v -1.681099 2.890505 -0.019635
v -1.721112 2.953897 -0.030790
v -1.644442 2.916818 -0.001594
v -1.684455 2.980210 -0.012749
v -1.638915 2.923748 0.017960
v -1.627818 2.880972 0.006931
v -1.623134 2.886845 0.023504
v -1.632074 2.884898 0.044509
v -1.649463 2.921450 0.042743
v -1.646800 2.876838 0.051528
v -1.677869 2.854537 0.036237
v -1.666838 2.911941 0.051025
v -1.703496 2.885628 0.032983
v -1.706851 2.975333 0.039870
v -1.689477 2.984842 0.031588
v -1.729064 3.007167 0.028594
v -1.743509 2.949020 0.021828
v -1.749036 2.942090 0.002275
v -1.760132 2.984866 0.013303
v -1.764817 2.978993 -0.003269
v -1.755877 2.980940 -0.024274
v -1.741151 2.989000 -0.031293
v -1.710082 3.011301 -0.016002
v -1.705398 3.017174 0.000570
v -1.714338 3.015227 0.021575
v -1.678928 2.987140 0.006805
v -1.638723 2.905683 0.030933
v -1.658791 2.906125 0.030552
v -1.655087 2.907140 0.019394
v -1.645905 2.905406 0.012188
v -1.634752 2.901583 0.011686
v -1.625889 2.897133 0.018080
v -1.622700 2.893756 0.028927
v -1.626404 2.892740 0.040085
v -1.635586 2.894475 0.047291
v -1.655602 2.902747 0.041399
v -1.646738 2.898297 0.047793
v -1.655735 2.882249 0.055826
v -1.637690 2.876064 0.055013
v -1.670077 2.889449 0.045481
v -1.662278 2.863666 0.051963
v -1.676619 2.870867 0.041618
v -1.663867 2.849648 0.037680
v -1.644232 2.857481 0.051151
v -1.629376 2.854675 0.039491
v -1.652714 2.845826 0.037178
v -1.643533 2.844091 0.029972
v -1.659896 2.845549 0.018433
v -1.675920 2.857476 0.020439
v -1.672216 2.858491 0.009281
v -1.672731 2.854098 0.031287
v -1.663034 2.856756 0.002075
v -1.651881 2.852934 0.001573
v -1.643018 2.848484 0.007967
v -1.639829 2.845106 0.018814
v -1.623383 2.856317 0.021437
v -1.616840 2.874900 0.025300
v -1.628543 2.861783 0.003886
v -1.622000 2.880365 0.007749
v -1.642884 2.868983 -0.006460
v -1.636342 2.887565 -0.002597
v -1.660930 2.875167 -0.005647
v -1.654387 2.893750 -0.001784
v -1.675786 2.877974 0.006013
v -1.681779 2.876332 0.024066
v -1.669244 2.896557 0.009876
v -1.675236 2.894914 0.027929
v -1.622833 2.873257 0.043354
v -1.535719 2.810950 0.004593
v -1.536156 2.807223 0.023262
v -1.531988 2.822941 -0.003834
v -1.568742 2.817428 0.003366
v -1.628276 2.837832 0.006047
v -1.569257 2.813030 0.025394
v -1.564340 2.831576 -0.006576
v -1.623875 2.851980 -0.003895
v -1.551177 2.868962 0.001196
v -1.520832 2.854627 0.002753
v -1.610712 2.889366 0.003876
v -1.547355 2.878171 0.015993
v -1.547870 2.873773 0.038021
v -1.517592 2.862432 0.015295
v -1.606889 2.898575 0.018674
v -1.607405 2.894178 0.040701
v -1.639991 2.904382 0.020805
v -1.643230 2.896577 0.008264
v -1.640428 2.900656 0.039474
v -1.644158 2.888664 0.047901
v -1.655314 2.856978 0.041314
v -1.611806 2.880030 0.050643
v -1.552271 2.859625 0.047963
v -1.624969 2.842644 0.042871
v -1.565435 2.822239 0.040191
v -1.628792 2.833435 0.028074
v -1.658554 2.849173 0.028773
v -1.658117 2.852900 0.010103
v -1.654387 2.864891 0.001677
v -1.532916 2.815028 0.035803
v -1.521760 2.846714 0.042390
v -1.518029 2.858706 0.033964
v -1.551517 2.828175 0.008351
v -1.551196 2.843053 0.012031
v -1.550097 2.830331 0.023462
v -1.547516 2.821872 0.021740
v -1.544745 2.816275 0.015244
v -1.542843 2.815678 0.006457
v -1.542537 2.820310 -0.001266
v -1.543943 2.828401 -0.004974
v -1.546524 2.836860 -0.003252
v -1.549294 2.842457 0.003243
v -1.551502 2.838422 0.019754
v -1.542499 2.847135 0.028585
v -1.542003 2.854630 0.016090
v -1.540224 2.834044 0.034586
v -1.527945 2.850988 0.031474
v -1.525670 2.837897 0.037474
v -1.527449 2.858482 0.018978
v -1.513400 2.848508 0.027315
v -1.513094 2.853140 0.019592
v -1.511994 2.840417 0.031023
v -1.504420 2.840643 0.017698
v -1.504435 2.830396 0.006295
v -1.505840 2.838487 0.002587
v -1.508421 2.846946 0.004309
v -1.511192 2.852543 0.010805
v -1.509413 2.831958 0.029301
v -1.506643 2.826361 0.022806
v -1.504741 2.825765 0.014018
v -1.513934 2.814188 0.009959
v -1.528488 2.810336 0.007071
v -1.517011 2.815154 0.024178
v -1.513438 2.821683 -0.002536
v -1.527992 2.817830 -0.005425
v -1.515713 2.834774 -0.008537
v -1.530267 2.830921 -0.011425
v -1.519889 2.848461 -0.005750
v -1.524372 2.857517 0.004759
v -1.534443 2.844609 -0.008638
v -1.538926 2.853664 0.001871
v -1.531565 2.811301 0.021290
v -1.521494 2.824209 0.034687
v -1.536048 2.820357 0.031799
v -1.486083 2.825892 -0.078463
v -1.489465 2.839933 -0.080148
v -1.491936 2.815955 -0.079055
v -1.487512 2.827270 -0.052826
v -1.497663 2.830454 -0.005918
v -1.491503 2.843837 -0.054814
v -1.494417 2.815546 -0.053525
v -1.504569 2.818730 -0.006616
v -1.523698 2.807795 -0.059335
v -1.516752 2.809386 -0.083980
v -1.533850 2.810979 -0.012427
v -1.535086 2.814676 -0.062267
v -1.526404 2.815218 -0.086464
v -1.539077 2.831244 -0.064255
v -1.545237 2.817861 -0.015359
v -1.549229 2.834427 -0.017347
v -1.547275 2.821764 0.009975
v -1.550657 2.835806 0.008290
v -1.537623 2.815932 0.012460
v -1.512806 2.822501 0.017385
v -1.506953 2.832438 0.017977
v -1.510336 2.846479 0.016292
v -1.519988 2.852312 0.013807
v -1.501654 2.847021 -0.007906
v -1.513042 2.853903 -0.010838
v -1.502891 2.850719 -0.057746
v -1.542323 2.846152 -0.016648
v -1.532171 2.842968 -0.063556
v -1.544804 2.845743 0.008882
v -1.523934 2.839196 -0.087557
v -1.499117 2.845766 -0.082633
v -1.529787 2.829259 -0.088149
v -1.581185 2.901910 -0.029811
v -1.571580 2.912415 -0.035501
v -1.566880 2.904793 -0.034506
v -1.567594 2.895865 -0.033515
v -1.573448 2.889043 -0.032906
v -1.582208 2.886932 -0.032912
v -1.590527 2.890338 -0.033531
v -1.595227 2.897961 -0.034526
v -1.594514 2.906889 -0.035517
v -1.588659 2.913711 -0.036126
v -1.579899 2.915822 -0.036120
v -1.578841 2.923354 -0.049430
v -1.593015 2.919938 -0.049439
v -1.565381 2.917842 -0.048429
v -1.578415 2.921629 -0.064656
v -1.592588 2.918214 -0.064666
v -1.564955 2.916117 -0.063655
v -1.578784 2.911307 -0.075983
v -1.587543 2.909195 -0.075989
v -1.570465 2.907900 -0.075364
v -1.579806 2.896329 -0.079084
v -1.572333 2.884528 -0.072769
v -1.581092 2.882417 -0.072775
v -1.589411 2.885823 -0.073394
v -1.594112 2.893446 -0.074389
v -1.593398 2.902373 -0.075380
v -1.565765 2.900277 -0.074369
v -1.566478 2.891350 -0.073378
v -1.558504 2.889339 -0.060441
v -1.558930 2.891063 -0.045215
v -1.557349 2.903783 -0.062045
v -1.567977 2.878300 -0.059456
v -1.568403 2.880025 -0.044230
v -1.582151 2.874885 -0.059466
v -1.582577 2.876609 -0.044239
v -1.595611 2.880397 -0.060467
v -1.603216 2.892730 -0.062077
v -1.596037 2.882121 -0.045240
v -1.603642 2.894455 -0.046850
v -1.602488 2.908900 -0.048454
v -1.602062 2.907175 -0.063681
v -1.557776 2.905508 -0.046819
v -1.674096 2.866607 -0.073912
v -1.677478 2.880648 -0.075597
v -1.672423 2.859641 -0.064855
v -1.648998 2.870864 -0.077538
v -1.602237 2.882133 -0.077505
v -1.652989 2.887431 -0.079526
v -1.647024 2.862645 -0.066852
v -1.600263 2.873913 -0.066819
v -1.647882 2.866115 -0.036218
v -1.650391 2.876502 -0.027765
v -1.673150 2.862582 -0.038892
v -1.601121 2.877383 -0.036185
v -1.603630 2.887770 -0.027733
v -1.577013 2.885749 -0.038825
v -1.576287 2.882808 -0.064789
v -1.579140 2.894553 -0.031661
v -1.582522 2.908594 -0.033346
v -1.607621 2.904337 -0.029721
v -1.584195 2.915560 -0.042403
v -1.583468 2.912619 -0.068367
v -1.609594 2.912557 -0.040407
v -1.608737 2.909087 -0.071041
v -1.656355 2.901288 -0.040439
v -1.655498 2.897818 -0.071073
v -1.654382 2.893069 -0.029753
v -1.680331 2.892393 -0.042470
v -1.679605 2.889452 -0.068433
v -1.678659 2.885427 -0.033413
v -1.675277 2.871386 -0.031728
v -1.606228 2.898700 -0.079494
v -1.581342 2.903816 -0.075531
v -1.577959 2.889775 -0.073846
v -1.579111 2.893512 -0.103949
v -1.564805 2.896395 -0.108644
v -1.565519 2.887467 -0.107653
v -1.571373 2.880646 -0.107044
v -1.580133 2.878534 -0.107050
v -1.588452 2.881941 -0.107669
v -1.593152 2.889564 -0.108664
v -1.592439 2.898491 -0.109655
v -1.586584 2.905313 -0.110264
v -1.569506 2.904018 -0.109639
v -1.577824 2.907424 -0.110258
v -1.576766 2.914956 -0.123567
v -1.590940 2.911541 -0.123577
v -1.563306 2.909444 -0.122566
v -1.576340 2.913231 -0.138794
v -1.590514 2.909816 -0.138804
v -1.562880 2.907720 -0.137793
v -1.576709 2.902909 -0.150121
v -1.568390 2.899502 -0.149502
v -1.577731 2.887931 -0.153222
v -1.585468 2.900798 -0.150127
v -1.591323 2.893976 -0.149518
v -1.599987 2.898777 -0.137818
v -1.592037 2.885048 -0.148527
v -1.601141 2.884333 -0.136215
v -1.587336 2.877426 -0.147532
v -1.593536 2.871999 -0.134605
v -1.579017 2.874019 -0.146913
v -1.580076 2.866487 -0.133604
v -1.570258 2.876130 -0.146907
v -1.565902 2.869903 -0.133594
v -1.564403 2.882952 -0.147516
v -1.563689 2.891880 -0.148507
v -1.556429 2.880941 -0.134579
v -1.556855 2.882666 -0.119353
v -1.555274 2.895386 -0.136183
v -1.555701 2.897110 -0.120957
v -1.566328 2.871627 -0.118367
v -1.580502 2.868212 -0.118377
v -1.593962 2.873724 -0.119378
v -1.601567 2.886057 -0.120988
v -1.600413 2.900502 -0.122592
v -1.672021 2.858210 -0.148050
v -1.675403 2.872251 -0.149735
v -1.670348 2.851243 -0.138993
v -1.646923 2.862467 -0.151676
v -1.600162 2.873735 -0.151643
v -1.650913 2.879033 -0.153664
v -1.644949 2.854247 -0.140990
v -1.645807 2.857717 -0.110356
v -1.598188 2.865515 -0.140957
v -1.599046 2.868985 -0.110323
v -1.574212 2.874411 -0.138927
v -1.574938 2.877352 -0.112963
v -1.575884 2.881377 -0.147984
v -1.579267 2.895418 -0.149669
v -1.581393 2.904222 -0.142504
v -1.604153 2.890302 -0.153631
v -1.606662 2.900689 -0.145178
v -1.607519 2.904159 -0.114545
v -1.653423 2.889421 -0.145211
v -1.677530 2.881054 -0.142571
v -1.654280 2.892890 -0.114577
v -1.678257 2.883995 -0.116607
v -1.652307 2.884671 -0.103891
v -1.676584 2.877029 -0.107551
v -1.605546 2.895940 -0.103859
v -1.648316 2.868104 -0.101903
v -1.601555 2.879373 -0.101870
v -1.673202 2.862988 -0.105866
v -1.671075 2.854184 -0.113030
v -1.577065 2.886155 -0.105799
v -1.580447 2.900196 -0.107484
v -1.582120 2.907163 -0.116541
v -1.576977 2.884880 -0.180158
v -1.562672 2.887763 -0.184853
v -1.575691 2.898792 -0.186467
v -1.563386 2.878835 -0.183862
v -1.569240 2.872013 -0.183253
v -1.578000 2.869902 -0.183259
v -1.586319 2.873309 -0.183878
v -1.591019 2.880932 -0.184873
v -1.590306 2.889859 -0.185864
v -1.584451 2.896681 -0.186473
v -1.567373 2.895385 -0.185848
v -1.561173 2.900812 -0.198775
v -1.553568 2.888478 -0.197165
v -1.574633 2.906324 -0.199776
v -1.560747 2.899087 -0.214002
v -1.553142 2.886754 -0.212392
v -1.574207 2.904599 -0.215003
v -1.566257 2.890870 -0.225711
v -1.574576 2.894276 -0.226330
v -1.561557 2.883247 -0.224716
v -1.575598 2.879299 -0.229431
v -1.589190 2.885343 -0.225727
v -1.583335 2.892166 -0.226336
v -1.562270 2.874320 -0.223725
v -1.568125 2.867498 -0.223116
v -1.576885 2.865387 -0.223122
v -1.585203 2.868793 -0.223741
v -1.589904 2.876416 -0.224736
v -1.599008 2.875700 -0.212423
v -1.599434 2.877425 -0.197197
v -1.591403 2.863367 -0.210814
v -1.597854 2.890145 -0.214027
v -1.598280 2.891870 -0.198801
v -1.588381 2.901184 -0.215012
v -1.588807 2.902908 -0.199786
v -1.591829 2.865091 -0.195587
v -1.577943 2.857855 -0.209812
v -1.578369 2.859580 -0.194586
v -1.563769 2.861270 -0.209803
v -1.564195 2.862995 -0.194576
v -1.554296 2.872309 -0.210788
v -1.554722 2.874033 -0.195562
v -1.669888 2.849577 -0.224259
v -1.673270 2.863619 -0.225944
v -1.668216 2.842611 -0.215202
v -1.644790 2.853834 -0.227884
v -1.598029 2.865103 -0.227852
v -1.648781 2.870401 -0.229873
v -1.642816 2.845615 -0.217198
v -1.596056 2.856884 -0.217166
v -1.643674 2.849085 -0.186565
v -1.668942 2.845552 -0.189239
v -1.596913 2.860353 -0.186532
v -1.646183 2.859472 -0.178112
v -1.671069 2.854356 -0.182074
v -1.650174 2.876039 -0.180100
v -1.599422 2.870741 -0.178079
v -1.603413 2.887307 -0.180068
v -1.574932 2.877523 -0.182008
v -1.578314 2.891564 -0.183693
v -1.572806 2.868720 -0.189172
v -1.572079 2.865778 -0.215136
v -1.573751 2.872745 -0.224192
v -1.577134 2.886786 -0.225878
v -1.579260 2.895589 -0.218713
v -1.602020 2.881670 -0.229840
v -1.604529 2.892057 -0.221387
v -1.651290 2.880788 -0.221420
v -1.605386 2.895527 -0.190754
v -1.652147 2.884258 -0.190786
v -1.579987 2.898530 -0.192750
v -1.676124 2.875363 -0.192816
v -1.675397 2.872422 -0.218780
v -1.674451 2.868397 -0.183760
v -1.592550 2.861239 -0.255527
v -1.591464 2.872991 -0.260857
v -1.580466 2.863674 -0.259494
v -1.581069 2.856133 -0.258656
v -1.586014 2.850370 -0.258142
v -1.593414 2.848587 -0.258147
v -1.600441 2.851465 -0.258670
v -1.604411 2.857904 -0.259510
v -1.603809 2.865445 -0.260347
v -1.598863 2.871207 -0.260862
v -1.584436 2.870113 -0.260334
v -1.579200 2.874697 -0.271254
v -1.572775 2.864279 -0.269894
v -1.590570 2.879353 -0.272100
v -1.578840 2.873241 -0.284116
v -1.590210 2.877897 -0.284961
v -1.572415 2.862822 -0.282756
v -1.583494 2.866299 -0.294007
v -1.579524 2.859860 -0.293167
v -1.590521 2.869177 -0.294530
v -1.591385 2.856525 -0.297149
v -1.599499 2.847651 -0.292343
v -1.603469 2.854090 -0.293183
v -1.602866 2.861631 -0.294020
v -1.597921 2.867393 -0.294535
v -1.580126 2.852319 -0.292329
v -1.585072 2.846556 -0.291815
v -1.592471 2.844773 -0.291820
v -1.593365 2.838411 -0.280577
v -1.593725 2.839868 -0.267715
v -1.581393 2.841296 -0.280569
v -1.604735 2.843066 -0.281423
v -1.605095 2.844523 -0.268561
v -1.611160 2.853485 -0.282783
v -1.611520 2.854942 -0.269921
v -1.610185 2.865687 -0.284138
v -1.602182 2.875011 -0.284970
v -1.610545 2.867144 -0.271276
v -1.602542 2.876468 -0.272108
v -1.581753 2.842753 -0.267707
v -1.573390 2.850620 -0.281401
v -1.573750 2.852077 -0.268539
v -1.671033 2.831419 -0.292780
v -1.673891 2.843279 -0.294204
v -1.669621 2.825534 -0.285130
v -1.649832 2.835014 -0.295843
v -1.610332 2.844533 -0.295816
v -1.653203 2.849009 -0.297522
v -1.648165 2.828071 -0.286816
v -1.608665 2.837590 -0.286789
v -1.648890 2.831002 -0.260939
v -1.670234 2.828018 -0.263198
v -1.609390 2.840521 -0.260912
v -1.651009 2.839777 -0.253799
v -1.654380 2.853771 -0.255478
v -1.672031 2.835455 -0.257146
v -1.611509 2.849295 -0.253772
v -1.614880 2.863290 -0.255451
v -1.590822 2.855025 -0.257090
v -1.589026 2.847588 -0.263142
v -1.593679 2.866885 -0.258514
v -1.595092 2.872770 -0.266164
v -1.594478 2.870286 -0.288096
v -1.616547 2.870233 -0.264478
v -1.615823 2.867302 -0.290355
v -1.656047 2.860714 -0.264505
v -1.655323 2.857783 -0.290382
v -1.676301 2.853200 -0.266220
v -1.675687 2.850716 -0.288152
v -1.674888 2.847316 -0.258570
v -1.613704 2.858527 -0.297495
v -1.592682 2.862849 -0.294148
v -1.589825 2.850988 -0.292724
v -1.588412 2.845104 -0.285074
v -1.554501 2.750305 -0.156725
v -1.535471 2.746737 -0.162034
v -1.551304 2.730885 -0.160681
v -1.562958 2.732658 -0.161209
v -1.571316 2.740906 -0.162377
v -1.573185 2.752477 -0.163740
v -1.567852 2.762952 -0.164777
v -1.557353 2.768330 -0.165092
v -1.545699 2.766556 -0.164565
v -1.537341 2.758308 -0.163397
v -1.540805 2.736262 -0.160997
v -1.531995 2.726187 -0.175961
v -1.523366 2.743136 -0.177639
v -1.548983 2.717486 -0.175451
v -1.531437 2.723929 -0.195901
v -1.548425 2.715227 -0.195391
v -1.522808 2.740877 -0.197579
v -1.539344 2.730349 -0.213201
v -1.534010 2.740824 -0.214239
v -1.549843 2.724971 -0.212886
v -1.552695 2.742996 -0.221253
v -1.569855 2.734993 -0.214581
v -1.571724 2.746564 -0.215944
v -1.566391 2.757039 -0.216981
v -1.555892 2.762416 -0.217297
v -1.544238 2.760643 -0.216770
v -1.535880 2.752395 -0.215602
v -1.561497 2.726745 -0.213413
v -1.567281 2.718097 -0.196244
v -1.567840 2.720356 -0.176303
v -1.580805 2.731442 -0.198134
v -1.581363 2.733701 -0.178194
v -1.583830 2.750165 -0.200339
v -1.584388 2.752424 -0.180399
v -1.575200 2.767114 -0.202018
v -1.558213 2.775815 -0.202528
v -1.575758 2.769372 -0.182077
v -1.558771 2.778073 -0.182587
v -1.539914 2.775203 -0.181734
v -1.526390 2.761858 -0.179844
v -1.539356 2.772945 -0.201675
v -1.525832 2.759600 -0.199785
v -1.582837 2.868750 -0.230521
v -1.564042 2.871808 -0.230341
v -1.593688 2.868237 -0.220000
v -1.579120 2.835301 -0.231664
v -1.569141 2.773532 -0.224388
v -1.556944 2.838908 -0.231452
v -1.591923 2.834695 -0.219251
v -1.581944 2.772926 -0.211975
v -1.593046 2.839239 -0.179133
v -1.580944 2.842684 -0.166482
v -1.594640 2.872088 -0.185998
v -1.583067 2.777470 -0.171857
v -1.574124 2.745096 -0.171040
v -1.570965 2.780915 -0.159206
v -1.548790 2.784523 -0.158994
v -1.563867 2.748016 -0.160317
v -1.545073 2.751074 -0.160138
v -1.534221 2.751588 -0.170658
v -1.533269 2.747736 -0.204660
v -1.535986 2.785129 -0.171407
v -1.534863 2.780585 -0.211525
v -1.545965 2.846898 -0.178683
v -1.544842 2.842354 -0.218801
v -1.558769 2.846292 -0.166270
v -1.554737 2.878579 -0.185617
v -1.553785 2.874728 -0.219619
v -1.565588 2.878065 -0.175096
v -1.584383 2.875008 -0.175276
v -1.546965 2.777140 -0.224176
v -1.543526 2.744816 -0.215382
v -1.562321 2.741759 -0.215562
v -1.573173 2.741245 -0.205041
v -1.713740 2.776773 -0.005289
v -1.719966 2.797826 -0.015362
v -1.721283 2.754423 -0.010483
v -1.736485 2.776550 -0.013415
v -1.731694 2.789845 -0.014787
v -1.705781 2.797445 -0.014922
v -1.694556 2.788847 -0.013634
v -1.690579 2.775317 -0.011990
v -1.695370 2.762023 -0.010619
v -1.707098 2.754042 -0.010043
v -1.732508 2.763021 -0.011771
v -1.743693 2.752841 -0.030605
v -1.750127 2.774733 -0.033265
v -1.725531 2.738930 -0.028521
v -1.743022 2.750123 -0.054597
v -1.724859 2.736212 -0.052513
v -1.749456 2.772015 -0.057256
v -1.730750 2.755906 -0.074582
v -1.719525 2.747308 -0.073294
v -1.734727 2.769436 -0.076226
v -1.711566 2.767979 -0.082928
v -1.729936 2.782730 -0.077598
v -1.718208 2.790711 -0.078174
v -1.704023 2.790330 -0.077733
v -1.692798 2.781733 -0.076445
v -1.688821 2.768203 -0.074802
v -1.693612 2.754908 -0.073430
v -1.705340 2.746927 -0.072854
v -1.701906 2.735596 -0.051800
v -1.702578 2.738314 -0.027809
v -1.682930 2.748509 -0.052732
v -1.683601 2.751227 -0.028740
v -1.675179 2.770020 -0.054952
v -1.675850 2.772738 -0.030960
v -1.681613 2.791912 -0.057611
v -1.682284 2.794630 -0.033620
v -1.699775 2.805823 -0.059695
v -1.722728 2.806439 -0.060408
v -1.700447 2.808541 -0.035704
v -1.723400 2.809157 -0.036416
v -1.742376 2.796244 -0.035484
v -1.741704 2.793526 -0.059476
v -1.556139 2.776119 -0.072496
v -1.556830 2.753362 -0.069938
v -1.556109 2.790347 -0.061154
v -1.595890 2.778563 -0.079945
v -1.671616 2.780597 -0.082295
v -1.596705 2.751711 -0.076927
v -1.595855 2.795350 -0.066562
v -1.671580 2.797384 -0.068912
v -1.597206 2.800817 -0.018293
v -1.672931 2.802851 -0.020643
v -1.598085 2.787446 -0.001520
v -1.557254 2.794981 -0.020243
v -1.558000 2.783648 -0.006027
v -1.558690 2.760891 -0.003469
v -1.598900 2.760595 0.001499
v -1.558721 2.746663 -0.014812
v -1.557576 2.742029 -0.055722
v -1.598936 2.743808 -0.011884
v -1.597585 2.738341 -0.060153
v -1.674661 2.745842 -0.014234
v -1.674626 2.762629 -0.000851
v -1.714407 2.750845 -0.019643
v -1.673310 2.740375 -0.062503
v -1.672431 2.753746 -0.079276
v -1.713262 2.746211 -0.060553
v -1.712516 2.757543 -0.074769
v -1.711825 2.780301 -0.077327
v -1.711795 2.794528 -0.065985
v -1.712940 2.799162 -0.025074
v -1.713686 2.787830 -0.010858
v -1.714376 2.765072 -0.008300
v -1.673811 2.789480 -0.003869
v -1.558709 2.767335 -0.006378
v -1.555511 2.747915 -0.010335
v -1.567166 2.749688 -0.010862
v -1.575524 2.757936 -0.012030
v -1.577393 2.769507 -0.013393
v -1.572060 2.779982 -0.014430
v -1.561561 2.785360 -0.014745
v -1.549907 2.783586 -0.014218
v -1.541548 2.775338 -0.013050
v -1.545013 2.753292 -0.010650
v -1.539679 2.763767 -0.011687
v -1.527574 2.760166 -0.027292
v -1.530598 2.778888 -0.029498
v -1.536203 2.743217 -0.025614
v -1.527015 2.757907 -0.047233
v -1.535645 2.740958 -0.045554
v -1.538218 2.757854 -0.063892
v -1.530040 2.776630 -0.049438
v -1.543564 2.789974 -0.051328
v -1.540087 2.769425 -0.065255
v -1.548446 2.777672 -0.066423
v -1.556903 2.760026 -0.070906
v -1.554050 2.742001 -0.062539
v -1.565704 2.743775 -0.063066
v -1.543551 2.747379 -0.062855
v -1.574063 2.752023 -0.064234
v -1.575932 2.763594 -0.065597
v -1.570599 2.774069 -0.066635
v -1.560100 2.779446 -0.066950
v -1.562420 2.792845 -0.052181
v -1.562979 2.795103 -0.032241
v -1.579408 2.784144 -0.051671
v -1.579966 2.786402 -0.031730
v -1.588038 2.767195 -0.049992
v -1.588596 2.769454 -0.030052
v -1.585013 2.748472 -0.047787
v -1.585571 2.750731 -0.027847
v -1.571489 2.735127 -0.045897
v -1.552632 2.732257 -0.045044
v -1.572047 2.737386 -0.025957
v -1.553191 2.734516 -0.025104
v -1.544122 2.792233 -0.031388
v -1.587045 2.885780 -0.080174
v -1.568250 2.888838 -0.079994
v -1.597896 2.885266 -0.069653
v -1.583328 2.852331 -0.081317
v -1.573349 2.790562 -0.074041
v -1.561152 2.855938 -0.081105
v -1.596131 2.851724 -0.068904
v -1.586152 2.789956 -0.061628
v -1.597254 2.856269 -0.028786
v -1.598848 2.889118 -0.035651
v -1.587275 2.794500 -0.021510
v -1.585152 2.859714 -0.016135
v -1.562976 2.863322 -0.015923
v -1.588591 2.892038 -0.024929
v -1.575173 2.797945 -0.008859
v -1.552997 2.801553 -0.008647
v -1.568075 2.765046 -0.009970
v -1.578332 2.762126 -0.020693
v -1.549280 2.768104 -0.009791
v -1.538429 2.768617 -0.020311
v -1.537477 2.764766 -0.054313
v -1.540194 2.802159 -0.021060
v -1.550173 2.863928 -0.028336
v -1.539071 2.797615 -0.061178
v -1.549050 2.859384 -0.068454
v -1.551173 2.794170 -0.073829
v -1.547734 2.761846 -0.065035
v -1.566529 2.758789 -0.065215
v -1.577380 2.758275 -0.054695
v -1.557993 2.891758 -0.069272
v -1.558944 2.895609 -0.035270
v -1.569796 2.895095 -0.024749
v -1.711664 2.768376 -0.079427
v -1.717891 2.789428 -0.089500
v -1.703706 2.789047 -0.089060
v -1.692481 2.780450 -0.087772
v -1.688504 2.766920 -0.086128
v -1.693295 2.753625 -0.084756
v -1.705023 2.745644 -0.084181
v -1.730433 2.754623 -0.085909
v -1.734410 2.768153 -0.087553
v -1.729619 2.781447 -0.088924
v -1.719208 2.746025 -0.084621
v -1.723456 2.730532 -0.102659
v -1.741618 2.744443 -0.104743
v -1.722784 2.727815 -0.126651
v -1.700503 2.729916 -0.101947
v -1.681527 2.742829 -0.102878
v -1.699831 2.727198 -0.125938
v -1.680855 2.740112 -0.126870
v -1.703265 2.738530 -0.146992
v -1.691537 2.746511 -0.147568
v -1.717450 2.738910 -0.147432
v -1.709492 2.759582 -0.157066
v -1.690723 2.773335 -0.150583
v -1.686746 2.759805 -0.148939
v -1.732652 2.761038 -0.150364
v -1.728675 2.747508 -0.148720
v -1.727861 2.774332 -0.151736
v -1.716133 2.782313 -0.152311
v -1.701948 2.781932 -0.151871
v -1.697700 2.797425 -0.133833
v -1.698372 2.800143 -0.109842
v -1.720653 2.798042 -0.134546
v -1.679538 2.783514 -0.131749
v -1.680209 2.786232 -0.107758
v -1.673104 2.761623 -0.129090
v -1.673775 2.764340 -0.105098
v -1.721325 2.800760 -0.110554
v -1.739630 2.785128 -0.133614
v -1.740301 2.787846 -0.109622
v -1.747381 2.763618 -0.131394
v -1.748052 2.766335 -0.107403
v -1.740947 2.741726 -0.128735
v -1.554065 2.767722 -0.146634
v -1.554755 2.744964 -0.144076
v -1.554034 2.781949 -0.135291
v -1.593815 2.770165 -0.154083
v -1.669541 2.772199 -0.156433
v -1.594630 2.743314 -0.151065
v -1.593780 2.786952 -0.140700
v -1.669505 2.788986 -0.143050
v -1.595131 2.792419 -0.092431
v -1.555179 2.786583 -0.094381
v -1.670856 2.794453 -0.094781
v -1.596010 2.779049 -0.075658
v -1.555925 2.775251 -0.080165
v -1.596825 2.752197 -0.072639
v -1.671736 2.781083 -0.078007
v -1.672551 2.754231 -0.074989
v -1.711611 2.779432 -0.084996
v -1.712301 2.756675 -0.082438
v -1.710865 2.790765 -0.099212
v -1.709720 2.786131 -0.140122
v -1.709751 2.771903 -0.151465
v -1.710441 2.749146 -0.148907
v -1.711187 2.737813 -0.134691
v -1.670356 2.745348 -0.153414
v -1.671235 2.731977 -0.136641
v -1.595510 2.729943 -0.134291
v -1.672586 2.737444 -0.088372
v -1.596861 2.735411 -0.086022
v -1.712332 2.742447 -0.093780
v -1.556646 2.738266 -0.088949
v -1.555501 2.733632 -0.129860
v -1.556615 2.752493 -0.077607
v -1.709532 2.759744 -0.155636
v -1.732277 2.759521 -0.163762
v -1.727486 2.772815 -0.165133
v -1.715758 2.780796 -0.165709
v -1.701573 2.780415 -0.165269
v -1.690348 2.771817 -0.163981
v -1.686371 2.758287 -0.162337
v -1.691162 2.744993 -0.160965
v -1.702890 2.737012 -0.160390
v -1.717076 2.737393 -0.160830
v -1.728300 2.745991 -0.162118
v -1.739485 2.735811 -0.180952
v -1.745920 2.757703 -0.183612
v -1.721323 2.721900 -0.178868
v -1.738814 2.733094 -0.204943
v -1.720652 2.719183 -0.202859
v -1.745248 2.754985 -0.207603
v -1.726543 2.738876 -0.224929
v -1.730519 2.752406 -0.226573
v -1.715318 2.730278 -0.223641
v -1.707359 2.750950 -0.233274
v -1.714000 2.773681 -0.228520
v -1.699815 2.773300 -0.228080
v -1.688590 2.764703 -0.226792
v -1.684613 2.751173 -0.225148
v -1.689404 2.737878 -0.223777
v -1.701132 2.729897 -0.223201
v -1.725729 2.765700 -0.227945
v -1.737497 2.776496 -0.209823
v -1.738168 2.779214 -0.185831
v -1.718520 2.789410 -0.210755
v -1.719192 2.792127 -0.186763
v -1.695567 2.788793 -0.210042
v -1.696239 2.791511 -0.186050
v -1.677405 2.774882 -0.207958
v -1.670971 2.752990 -0.205298
v -1.678076 2.777600 -0.183966
v -1.671642 2.755708 -0.181307
v -1.679394 2.734197 -0.179087
v -1.698370 2.721284 -0.178156
v -1.678722 2.731480 -0.203079
v -1.697698 2.718566 -0.202147
v -1.551932 2.759089 -0.222843
v -1.552622 2.736332 -0.220285
v -1.551901 2.773317 -0.211500
v -1.591682 2.761533 -0.230292
v -1.667408 2.763567 -0.232642
v -1.592497 2.734682 -0.227274
v -1.591647 2.778320 -0.216909
v -1.667372 2.780354 -0.219259
v -1.592998 2.783787 -0.168640
v -1.593877 2.770416 -0.151866
v -1.553046 2.777951 -0.170590
v -1.668723 2.785821 -0.170990
v -1.669603 2.772450 -0.154216
v -1.708732 2.782132 -0.175421
v -1.707587 2.777498 -0.216331
v -1.709478 2.770800 -0.161205
v -1.710169 2.748042 -0.158647
v -1.670418 2.745599 -0.151198
v -1.710199 2.733815 -0.169989
v -1.709054 2.729181 -0.210899
v -1.670453 2.728812 -0.164581
v -1.669102 2.723345 -0.212850
v -1.594728 2.726778 -0.162231
v -1.593377 2.721311 -0.210500
v -1.594692 2.743565 -0.148848
v -1.554513 2.729634 -0.165158
v -1.553368 2.724999 -0.206068
v -1.554483 2.743861 -0.153816
v -1.553792 2.766618 -0.156374
v -1.668223 2.736716 -0.229623
v -1.708308 2.740513 -0.225116
v -1.707618 2.763271 -0.227674
v -1.556634 2.758937 -0.080516
v -1.553437 2.739517 -0.084473
v -1.565091 2.741291 -0.085000
v -1.573449 2.749538 -0.086168
v -1.575318 2.761109 -0.087531
v -1.569985 2.771584 -0.088568
v -1.559486 2.776962 -0.088883
v -1.547832 2.775188 -0.088356
v -1.539474 2.766940 -0.087188
v -1.537604 2.755369 -0.085825
v -1.542938 2.744894 -0.084788
v -1.534128 2.734819 -0.099752
v -1.525499 2.751768 -0.101430
v -1.551116 2.726118 -0.099242
v -1.533570 2.732561 -0.119692
v -1.550558 2.723860 -0.119182
v -1.524941 2.749509 -0.121370
v -1.541477 2.738981 -0.136992
v -1.551975 2.733603 -0.136677
v -1.536143 2.749456 -0.138030
v -1.554828 2.751628 -0.145044
v -1.563630 2.735377 -0.137204
v -1.571988 2.743625 -0.138372
v -1.573857 2.755196 -0.139735
v -1.568524 2.765671 -0.140773
v -1.558025 2.771049 -0.141088
v -1.546371 2.769275 -0.140561
v -1.538013 2.761027 -0.139393
v -1.527965 2.768232 -0.123576
v -1.528523 2.770491 -0.103635
v -1.541489 2.781577 -0.125466
v -1.542047 2.783836 -0.105526
v -1.560346 2.784447 -0.126319
v -1.560904 2.786705 -0.106378
v -1.577333 2.775746 -0.125809
v -1.577891 2.778005 -0.105868
v -1.585963 2.758797 -0.124130
v -1.582938 2.740075 -0.121925
v -1.586521 2.761056 -0.104190
v -1.583496 2.742333 -0.101985
v -1.569973 2.728988 -0.100095
v -1.569414 2.726730 -0.120035
v -1.584970 2.877383 -0.154312
v -1.566175 2.880440 -0.154132
v -1.595821 2.876868 -0.143791
v -1.581252 2.843933 -0.155455
v -1.571274 2.782165 -0.148179
v -1.559077 2.847541 -0.155243
v -1.594056 2.843327 -0.143042
v -1.584077 2.781558 -0.135766
v -1.595179 2.847871 -0.102924
v -1.585200 2.786103 -0.095648
v -1.583077 2.851316 -0.090273
v -1.596773 2.880720 -0.109789
v -1.586516 2.883640 -0.099067
v -1.567721 2.886698 -0.098887
v -1.556870 2.887211 -0.109408
v -1.560901 2.854924 -0.090061
v -1.550923 2.793155 -0.082785
v -1.548098 2.855530 -0.102474
v -1.546975 2.850986 -0.142592
v -1.538119 2.793761 -0.095198
v -1.536354 2.760220 -0.094449
v -1.536996 2.789217 -0.135316
v -1.549098 2.785772 -0.147967
v -1.535402 2.756369 -0.128451
v -1.545659 2.753448 -0.139173
v -1.564454 2.750391 -0.139353
v -1.575306 2.749877 -0.128832
v -1.576257 2.753729 -0.094831
v -1.566000 2.756649 -0.084108
v -1.547205 2.759706 -0.083929
v -1.573098 2.789548 -0.082997
v -1.555918 2.883360 -0.143410
v -1.573564 2.747561 -0.235733
v -1.570863 2.731156 -0.239075
v -1.580707 2.732655 -0.239520
v -1.587768 2.739622 -0.240507
v -1.589347 2.749396 -0.241659
v -1.584841 2.758244 -0.242535
v -1.575973 2.762787 -0.242801
v -1.566128 2.761288 -0.242356
v -1.559068 2.754322 -0.241369
v -1.557489 2.744547 -0.240218
v -1.561994 2.735699 -0.239342
v -1.554553 2.727188 -0.251982
v -1.568902 2.719838 -0.251551
v -1.547263 2.741505 -0.253400
v -1.554081 2.725280 -0.268826
v -1.568431 2.717930 -0.268395
v -1.546792 2.739597 -0.270244
v -1.560760 2.730704 -0.283440
v -1.556255 2.739552 -0.284316
v -1.569629 2.726161 -0.283174
v -1.572038 2.741387 -0.290242
v -1.564894 2.756294 -0.286454
v -1.557834 2.749326 -0.285467
v -1.579473 2.727660 -0.283619
v -1.586533 2.734627 -0.284606
v -1.588112 2.744401 -0.285757
v -1.583607 2.753249 -0.286633
v -1.574739 2.757792 -0.286899
v -1.576699 2.769110 -0.274424
v -1.577170 2.771018 -0.257580
v -1.591049 2.761760 -0.273993
v -1.560770 2.766685 -0.273703
v -1.561242 2.768593 -0.256859
v -1.549347 2.755413 -0.272107
v -1.549818 2.757320 -0.255263
v -1.591520 2.763668 -0.257149
v -1.598338 2.747443 -0.272575
v -1.598810 2.749351 -0.255731
v -1.595783 2.731627 -0.270712
v -1.596255 2.733536 -0.253868
v -1.584360 2.720355 -0.269115
v -1.584831 2.722263 -0.252271
v -1.597500 2.847614 -0.298070
v -1.581623 2.850197 -0.297918
v -1.606666 2.847180 -0.289183
v -1.594360 2.819359 -0.299036
v -1.585930 2.767182 -0.292890
v -1.575628 2.822406 -0.298857
v -1.605175 2.818847 -0.288550
v -1.596746 2.766670 -0.282404
v -1.606124 2.822685 -0.254662
v -1.607470 2.850433 -0.260461
v -1.597694 2.770508 -0.248516
v -1.595901 2.825596 -0.243975
v -1.598806 2.852900 -0.251403
v -1.577169 2.828643 -0.243796
v -1.587471 2.773418 -0.237829
v -1.568739 2.776466 -0.237650
v -1.581476 2.745628 -0.238768
v -1.565599 2.748210 -0.238616
v -1.590140 2.743161 -0.247825
v -1.589336 2.739908 -0.276547
v -1.580170 2.740342 -0.285434
v -1.564293 2.742924 -0.285282
v -1.555629 2.745391 -0.276225
v -1.567198 2.770229 -0.292711
v -1.556975 2.773139 -0.282024
v -1.565405 2.825317 -0.288170
v -1.557924 2.776978 -0.248135
v -1.566353 2.829155 -0.254281
v -1.556433 2.748645 -0.247503
v -1.573763 2.855917 -0.260139
v -1.572959 2.852664 -0.288861
v -1.582929 2.855483 -0.251252
v -1.704521 2.755534 -0.234813
v -1.719688 2.766576 -0.242836
v -1.709781 2.773317 -0.243322
v -1.697798 2.772995 -0.242950
v -1.688316 2.765733 -0.241862
v -1.684957 2.754304 -0.240474
v -1.689004 2.743074 -0.239315
v -1.698911 2.736332 -0.238829
v -1.710894 2.736654 -0.239201
v -1.720375 2.743917 -0.240289
v -1.723735 2.755345 -0.241677
v -1.735259 2.753810 -0.258445
v -1.728711 2.771981 -0.260320
v -1.729824 2.735318 -0.256198
v -1.734692 2.751515 -0.278711
v -1.728144 2.769686 -0.280586
v -1.729256 2.733022 -0.276464
v -1.722250 2.749336 -0.294735
v -1.718203 2.760566 -0.295894
v -1.718891 2.737907 -0.293346
v -1.702686 2.748106 -0.300396
v -1.686831 2.759723 -0.294920
v -1.683472 2.748294 -0.293532
v -1.687519 2.737064 -0.292373
v -1.697426 2.730323 -0.291887
v -1.709409 2.730644 -0.292258
v -1.708296 2.767307 -0.296380
v -1.696313 2.766985 -0.296008
v -1.692725 2.780073 -0.280771
v -1.693292 2.782368 -0.260505
v -1.712114 2.780594 -0.281373
v -1.677383 2.768322 -0.279011
v -1.677950 2.770617 -0.258745
v -1.671948 2.749830 -0.276764
v -1.672515 2.752125 -0.256498
v -1.678496 2.731659 -0.274889
v -1.694525 2.720751 -0.274102
v -1.679063 2.733954 -0.254623
v -1.695093 2.723046 -0.253836
v -1.714481 2.723567 -0.254438
v -1.713914 2.721271 -0.274704
v -1.712681 2.782889 -0.261107
v -1.571393 2.754982 -0.291584
v -1.571977 2.735758 -0.289423
v -1.571368 2.767000 -0.282003
v -1.604972 2.757046 -0.297877
v -1.668939 2.758764 -0.299862
v -1.605660 2.734364 -0.295327
v -1.604941 2.771226 -0.286572
v -1.668908 2.772944 -0.288557
v -1.606083 2.775844 -0.245798
v -1.572335 2.770914 -0.247445
v -1.670050 2.777562 -0.247783
v -1.606826 2.764549 -0.231629
v -1.607514 2.741868 -0.229079
v -1.572965 2.761342 -0.235437
v -1.670793 2.766268 -0.233614
v -1.671481 2.743586 -0.231064
v -1.704476 2.764874 -0.239517
v -1.703846 2.774446 -0.251526
v -1.705059 2.745650 -0.237356
v -1.705085 2.733632 -0.246938
v -1.704117 2.729717 -0.281495
v -1.671511 2.729406 -0.242369
v -1.670370 2.724787 -0.283143
v -1.607544 2.727687 -0.240384
v -1.606403 2.723069 -0.281158
v -1.573574 2.730099 -0.242857
v -1.572607 2.726185 -0.277415
v -1.573548 2.742118 -0.233276
v -1.669627 2.736082 -0.297312
v -1.703488 2.739290 -0.293504
v -1.702904 2.758514 -0.295665
v -1.702879 2.770532 -0.286084
vn 0.2519 -0.9608 0.1159
vn 0.0999 -0.3874 -0.9165
vn 0.0646 -0.2527 -0.9654
vn 0.0645 -0.2524 -0.9655
vn 0.9674 0.2534 -0.0016
vn 0.9144 0.4042 -0.0202
vn 0.0467 -0.1721 0.9840
vn 0.0095 -0.0298 0.9995
vn 0.0096 -0.0301 0.9995
vn -0.0278 0.1125 0.9933
vn 0.9583 0.2857 -0.0055
vn -0.1021 0.3957 0.9127
vn -0.1021 0.3958 0.9127
vn 0.9993 0.0288 0.0247
vn -0.1670 0.6425 0.7478
vn -0.2519 0.9608 -0.1159
vn -0.9674 -0.2534 0.0016
vn -0.0491 0.1811 -0.9822
vn -0.1215 0.4581 -0.8806
vn 0.0278 -0.1125 -0.9933
vn 0.7543 0.5415 0.3712
vn 0.2289 0.8056 0.5465
vn 0.3002 0.5433 0.7840
vn 0.4908 0.2413 0.8372
vn 0.3039 0.9280 0.2154
vn 0.4968 0.8639 -0.0829
vn 0.7338 0.6377 -0.2345
vn 0.9243 0.3357 -0.1814
vn 0.9957 0.0734 0.0561
vn 0.9206 -0.0490 0.3873
vn 0.7278 0.0151 0.6856
vn -0.3888 0.7642 0.5146
vn -0.2726 0.3375 0.9010
vn -0.2666 0.9635 -0.0242
vn -0.7367 0.6261 -0.2555
vn -0.8588 0.4268 0.2832
vn -0.7427 0.0001 0.6696
vn -0.9957 -0.0734 -0.0562
vn -0.9243 -0.3357 0.1814
vn -0.9206 0.0490 -0.3873
vn -0.7543 -0.5415 -0.3712
vn -0.7338 -0.6377 0.2345
vn -0.7278 -0.0151 -0.6856
vn -0.4908 -0.2413 -0.8372
vn -0.3002 -0.5433 -0.7840
vn -0.2288 -0.8056 -0.5465
vn -0.3039 -0.9280 -0.2154
vn -0.4968 -0.8639 0.0829
vn -0.4327 -0.4911 0.7560
vn -0.0471 -0.8592 0.5095
vn 0.0374 -0.1537 0.9874
vn 0.4230 -0.5217 0.7409
vn 0.7367 -0.6261 0.2555
vn 0.2666 -0.9635 0.0242
vn 0.8588 -0.4268 -0.2832
vn 0.3888 -0.7642 -0.5146
vn 0.7427 -0.0001 -0.6696
vn 0.2726 -0.3375 -0.9010
vn -0.0374 0.1537 -0.9874
vn 0.4327 0.4911 -0.7560
vn 0.0471 0.8592 -0.5095
vn -0.4230 0.5217 -0.7409
vn -0.7129 -0.6023 -0.3593
vn -0.7128 -0.6024 -0.3592
vn -0.6674 -0.6598 -0.3452
vn 0.5280 -0.8364 0.1472
vn -0.2194 -0.3813 -0.8981
vn -0.2196 -0.3810 -0.8981
vn -0.1803 -0.4378 -0.8808
vn -0.2942 -0.2628 -0.9189
vn -0.2941 -0.2629 -0.9189
vn -0.7915 -0.4776 -0.3812
vn -0.7916 -0.4776 -0.3812
vn 0.4183 0.0395 -0.9075
vn 0.4183 0.0394 -0.9074
vn 0.4453 -0.0064 -0.8954
vn 0.3609 0.1304 -0.9234
vn 0.3609 0.1303 -0.9234
vn 0.7700 0.5009 -0.3952
vn 0.7699 0.5010 -0.3952
vn 0.8446 0.3827 -0.3744
vn 0.8446 0.3828 -0.3744
vn 0.8758 0.3203 -0.3611
vn 0.7916 0.4776 0.3812
vn 0.8245 0.4110 0.3890
vn 0.2943 0.2626 0.9189
vn 0.2943 0.2625 0.9189
vn 0.3295 0.2013 0.9224
vn -0.3610 -0.1303 0.9234
vn -0.3610 -0.1302 0.9234
vn -0.3305 -0.1754 0.9274
vn -0.4183 -0.0394 0.9074
vn -0.4184 -0.0393 0.9074
vn 0.2195 0.3811 0.8981
vn 0.2196 0.3810 0.8981
vn 0.1803 0.4378 0.8808
vn -0.4453 0.0064 0.8954
vn -0.8446 -0.3827 0.3744
vn -0.8447 -0.3825 0.3743
vn -0.8758 -0.3203 0.3611
vn -0.7699 -0.5011 0.3952
vn -0.7700 -0.5009 0.3952
vn -0.5280 0.8364 -0.1472
vn -0.8245 -0.4110 -0.3890
vn -0.3295 -0.2013 -0.9224
vn 0.3305 0.1754 -0.9274
vn 0.7266 0.5567 -0.4027
vn 0.7129 0.6023 0.3592
vn 0.7128 0.6024 0.3592
vn 0.6674 0.6599 0.3452
vn -0.7266 -0.5567 0.4027
vn 0.3259 0.9256 0.1924
vn -0.2875 0.9405 0.1810
vn -0.1899 0.8372 0.5128
vn -0.1742 0.9716 -0.1603
vn 0.1067 0.9185 -0.3807
vn 0.4479 0.8016 -0.3961
vn 0.7190 0.6655 -0.2005
vn 0.8166 0.5621 0.1313
vn 0.7033 0.5311 0.4727
vn 0.4224 0.5841 0.6931
vn 0.0812 0.7011 0.7084
vn -0.1967 0.2067 0.9584
vn 0.3583 0.0164 0.9334
vn -0.6378 0.4281 0.6402
vn -0.3998 -0.3702 0.8385
vn 0.1552 -0.5604 0.8135
vn -0.8409 -0.1487 0.5203
vn -0.7190 -0.6655 0.2005
vn -0.4478 -0.8016 0.3961
vn -0.1067 -0.9185 0.3807
vn 0.8153 -0.0699 0.5748
vn 0.6122 -0.6468 0.4549
vn 0.1742 -0.9716 0.1603
vn -0.3259 -0.9256 -0.1924
vn 0.2875 -0.9405 -0.1810
vn -0.8166 -0.5621 -0.1313
vn -0.7033 -0.5311 -0.4727
vn -0.4224 -0.5842 -0.6931
vn -0.0812 -0.7011 -0.7084
vn 0.1899 -0.8372 -0.5129
vn 0.7965 -0.5962 -0.1004
vn 0.6378 -0.4281 -0.6402
vn 0.9996 -0.0194 0.0195
vn 0.8409 0.1487 -0.5203
vn 0.3998 0.3702 -0.8385
vn 0.1967 -0.2067 -0.9584
vn -0.1552 0.5604 -0.8135
vn -0.3583 -0.0164 -0.9334
vn -0.6122 0.6468 -0.4549
vn -0.8153 0.0699 -0.5748
vn -0.9996 0.0194 -0.0195
vn -0.7965 0.5962 0.1004
vn -0.2545 -0.9472 -0.1950
vn -0.2545 -0.9472 -0.1951
vn -0.1817 -0.9635 -0.1966
vn 0.9451 -0.3239 -0.0425
vn -0.1467 -0.5378 -0.8302
vn -0.1470 -0.5377 -0.8302
vn -0.0785 -0.5567 -0.8270
vn -0.2807 -0.4919 -0.8242
vn -0.2807 -0.4918 -0.8242
vn -0.3953 -0.8990 -0.1887
vn -0.3954 -0.8989 -0.1887
vn 0.0743 0.1778 -0.9813
vn 0.1255 0.1594 -0.9792
vn -0.0284 0.2130 -0.9766
vn -0.0283 0.2130 -0.9766
vn 0.3128 0.7681 -0.5588
vn 0.3129 0.7680 -0.5588
vn 0.3778 0.7392 -0.5576
vn 0.1793 0.8138 -0.5528
vn 0.1792 0.8138 -0.5528
vn 0.3954 0.8989 0.1887
vn 0.3953 0.8990 0.1887
vn 0.4629 0.8671 0.1839
vn 0.2545 0.9472 0.1950
vn 0.2547 0.9471 0.1950
vn 0.1817 0.9635 0.1966
vn 0.1106 0.8307 -0.5456
vn -0.9451 0.3239 0.0426
vn 0.1470 0.5377 0.8302
vn 0.1467 0.5378 0.8302
vn 0.0785 0.5567 0.8270
vn -0.0743 -0.1778 0.9813
vn -0.0744 -0.1778 0.9813
vn -0.1255 -0.1594 0.9792
vn 0.2804 0.4920 0.8242
vn 0.2805 0.4919 0.8242
vn 0.0285 -0.2130 0.9766
vn -0.3130 -0.7680 0.5588
vn -0.3128 -0.7681 0.5588
vn -0.3778 -0.7392 0.5576
vn -0.1792 -0.8138 0.5528
vn -0.1793 -0.8138 0.5528
vn -0.4629 -0.8671 -0.1839
vn -0.3457 -0.4652 -0.8150
vn -0.0799 0.2298 -0.9700
vn -0.1106 -0.8307 0.5456
vn 0.0799 -0.2298 0.9700
vn 0.3457 0.4651 0.8150
vn -0.9494 -0.2513 -0.1884
vn -0.9502 0.1588 0.2681
vn -0.9379 0.3443 -0.0413
vn -0.8618 0.3204 -0.3933
vn -0.8939 -0.1653 0.4166
vn -0.7905 -0.5042 0.3477
vn -0.6795 -0.7284 0.0874
vn -0.6034 -0.7523 -0.2646
vn -0.5910 -0.5668 -0.5740
vn -0.6474 -0.2427 -0.7225
vn -0.7508 0.0962 -0.6535
vn -0.5880 0.5119 0.6263
vn -0.5680 0.8138 0.1229
vn -0.4964 -0.0154 0.8680
vn 0.0037 0.6685 0.7437
vn 0.0236 0.9704 0.2403
vn 0.0953 0.1412 0.9854
vn 0.6474 0.2427 0.7225
vn 0.5910 0.5668 0.5740
vn 0.6033 0.7523 0.2646
vn 0.9494 0.2513 0.1884
vn 0.9502 -0.1588 -0.2681
vn 0.8939 0.1653 -0.4167
vn 0.9380 -0.3443 0.0413
vn 0.7905 0.5042 -0.3477
vn 0.6795 0.7284 -0.0875
vn 0.7508 -0.0962 0.6535
vn 0.8618 -0.3204 0.3933
vn 0.5680 -0.8138 -0.1229
vn 0.5880 -0.5119 -0.6263
vn 0.4441 -0.7749 0.4498
vn -0.0236 -0.9704 -0.2403
vn -0.0037 -0.6685 -0.7437
vn -0.1476 -0.9315 0.3324
vn -0.0953 -0.1412 -0.9854
vn 0.4964 0.0154 -0.8680
vn -0.2635 0.4101 -0.8731
vn 0.3282 0.5668 -0.7557
vn 0.1476 0.9315 -0.3324
vn -0.4441 0.7749 -0.4498
vn -0.3282 -0.5668 0.7557
vn 0.2635 -0.4101 0.8731
vn 0.9625 0.2457 0.1153
vn 0.9625 0.2457 0.1152
vn 0.9702 0.2387 0.0412
vn 0.2111 -0.0662 -0.9752
vn 0.8487 -0.5085 0.1455
vn 0.8486 -0.5085 0.1458
vn 0.8573 -0.5094 0.0752
vn 0.8188 -0.4991 0.2837
vn 0.8187 -0.4991 0.2839
vn 0.9310 0.2556 0.2606
vn 0.9310 0.2556 0.2605
vn 0.2438 -0.9678 0.0626
vn 0.2438 -0.9678 0.0627
vn 0.2542 -0.9671 0.0092
vn 0.2208 -0.9606 0.1688
vn -0.4907 -0.8630 -0.1200
vn -0.4906 -0.8630 -0.1201
vn -0.4719 -0.8612 -0.1886
vn -0.5205 -0.8537 0.0177
vn -0.5205 -0.8537 0.0178
vn -0.9310 -0.2555 -0.2605
vn -0.9074 -0.2584 -0.3314
vn -0.9625 -0.2457 -0.1152
vn -0.9702 -0.2387 -0.0412
vn -0.5316 -0.8425 0.0871
vn -0.2111 0.0662 0.9752
vn 0.2083 -0.9527 0.2212
vn 0.7976 -0.4907 0.3508
vn 0.9074 0.2584 0.3314
vn 0.4906 0.8630 0.1201
vn 0.4906 0.8630 0.1203
vn 0.4719 0.8612 0.1886
vn 0.5205 0.8537 -0.0179
vn 0.5205 0.8537 -0.0177
vn -0.2208 0.9606 -0.1688
vn -0.2208 0.9606 -0.1687
vn -0.2438 0.9678 -0.0626
vn -0.2438 0.9678 -0.0627
vn -0.2542 0.9671 -0.0092
vn -0.8188 0.4992 -0.2835
vn -0.8188 0.4991 -0.2837
vn -0.8486 0.5085 -0.1456
vn -0.8486 0.5085 -0.1458
vn -0.8573 0.5094 -0.0752
vn -0.2083 0.9527 -0.2212
vn -0.7976 0.4907 -0.3509
vn 0.5316 0.8425 -0.0871
vn 0.5452 0.2282 0.8066
vn 0.3569 0.5335 0.7668
vn 0.0237 0.6700 0.7420
vn 0.5167 -0.1295 0.8463
vn 0.2821 -0.4028 0.8707
vn -0.0688 -0.4873 0.8705
vn -0.4021 -0.3509 0.8457
vn -0.5904 -0.0455 0.8058
vn -0.5618 0.3121 0.7661
vn -0.3272 0.5854 0.7417
vn 0.6088 0.7545 0.2453
vn 0.0666 0.9765 0.2050
vn -0.5043 0.8389 0.2046
vn 0.0839 0.9064 -0.4140
vn -0.4870 0.7688 -0.4144
vn 0.6261 0.6844 -0.3737
vn 0.0688 0.4874 -0.8705
vn -0.2821 0.4028 -0.8707
vn 0.4021 0.3509 -0.8457
vn 0.3272 -0.5854 -0.7418
vn -0.0237 -0.6700 -0.7420
vn 0.5618 -0.3121 -0.7661
vn -0.3569 -0.5335 -0.7668
vn -0.5453 -0.2282 -0.8066
vn -0.5167 0.1295 -0.8463
vn 0.5903 0.0455 -0.8059
vn 0.8859 -0.3943 -0.2443
vn 0.5043 -0.8389 -0.2046
vn 0.9324 0.1876 -0.3089
vn 0.8686 -0.3242 0.3747
vn 0.4870 -0.7688 0.4144
vn 0.9151 0.2577 0.3101
vn -0.0839 -0.9064 0.4140
vn -0.0666 -0.9765 -0.2050
vn -0.6261 -0.6844 0.3737
vn -0.6088 -0.7545 -0.2453
vn -0.9151 -0.2577 -0.3101
vn -0.9324 -0.1875 0.3089
vn -0.8859 0.3943 0.2443
vn -0.8686 0.3242 -0.3748
vn -0.0449 -0.1297 -0.9905
vn -0.0448 -0.1297 -0.9905
vn -0.1171 -0.1461 -0.9823
vn -0.9722 -0.2343 -0.0007
vn 0.1148 -0.7771 -0.6189
vn 0.1151 -0.7770 -0.6189
vn 0.0449 -0.7878 -0.6143
vn 0.2525 -0.7439 -0.6188
vn 0.2523 -0.7439 -0.6188
vn 0.1001 -0.0948 -0.9905
vn 0.1796 -0.9769 0.1157
vn 0.1797 -0.9769 0.1157
vn 0.1256 -0.9854 0.1151
vn 0.2851 -0.9515 0.1158
vn 0.0754 -0.6184 0.7823
vn 0.0756 -0.6183 0.7823
vn 0.0060 -0.6303 0.7763
vn 0.2131 -0.5852 0.7824
vn 0.2133 -0.5852 0.7824
vn 0.3369 -0.9345 0.1153
vn 0.2808 -0.5641 0.7765
vn 0.9722 0.2343 0.0007
vn 0.0447 0.1296 0.9906
vn 0.0447 0.1297 0.9905
vn 0.1171 0.1461 0.9823
vn -0.1151 0.7770 0.6189
vn -0.1149 0.7770 0.6189
vn -0.0449 0.7878 0.6143
vn -0.1795 0.9769 -0.1157
vn -0.1794 0.9770 -0.1157
vn -0.1256 0.9854 -0.1151
vn -0.2852 0.9515 -0.1158
vn -0.2523 0.7439 0.6188
vn -0.2526 0.7438 0.6188
vn -0.3369 0.9345 -0.1153
vn -0.3197 0.7216 0.6141
vn -0.1002 0.0947 0.9904
vn -0.1001 0.0947 0.9905
vn -0.1721 0.0764 0.9821
vn -0.2136 0.5851 -0.7824
vn -0.2134 0.5851 -0.7824
vn -0.2808 0.5641 -0.7765
vn -0.0758 0.6183 -0.7823
vn -0.0757 0.6183 -0.7823
vn -0.0060 0.6303 -0.7763
vn 0.1721 -0.0764 -0.9821
vn 0.3197 -0.7216 -0.6141
vn 0.5453 0.2282 0.8066
vn -0.0688 -0.4874 0.8705
vn -0.5903 -0.0455 0.8059
vn -0.8686 0.3242 -0.3747
vn -0.5452 -0.2282 -0.8067
vn 0.3273 -0.5854 -0.7417
vn 0.5904 0.0455 -0.8058
vn -0.9324 -0.1876 0.3089
vn 0.1002 -0.0947 -0.9904
vn 0.1793 -0.9770 0.1157
vn 0.2852 -0.9515 0.1158
vn -0.2131 0.5852 -0.7824
vn -0.1794 0.9769 -0.1157
vn -0.2851 0.9515 -0.1158
vn -0.2525 0.7439 0.6188
vn 0.0448 0.1297 0.9905
vn 0.2132 -0.5852 0.7824
vn 0.0756 -0.6184 0.7823
vn 0.0759 -0.6183 0.7823
vn -0.3272 0.5854 0.7418
vn 0.2821 -0.4028 0.8708
vn 0.4020 0.3509 -0.8457
vn 0.3272 -0.5854 -0.7417
vn 0.1001 -0.0947 -0.9905
vn 0.1794 -0.9770 0.1157
vn 0.2852 -0.9514 0.1158
vn -0.0756 0.6183 -0.7823
vn -0.0759 0.6183 -0.7823
vn -0.2133 0.5851 -0.7824
vn -0.2852 0.9514 -0.1158
vn -0.1150 0.7770 0.6189
vn 0.9324 0.1875 -0.3089
vn 0.0688 0.4873 -0.8705
vn -0.2821 0.4028 -0.8708
vn 0.1149 -0.7770 -0.6189
vn 0.1794 -0.9769 0.1157
vn 0.0758 -0.6183 0.7823
vn 0.0757 -0.6183 0.7823
vn -0.1000 0.0948 0.9905
vn -0.1001 0.0948 0.9905
vn -0.2132 0.5852 -0.7824
vn -0.0755 0.6184 -0.7823
vn 0.3911 -0.3169 0.8641
vn 0.5543 0.0035 0.8323
vn 0.4971 0.3575 0.7906
vn 0.0700 -0.4814 0.8737
vn -0.2866 -0.4271 0.8576
vn -0.5422 -0.1749 0.8218
vn -0.5994 0.1791 0.7801
vn -0.4362 0.4995 0.7484
vn -0.1151 0.6640 0.7388
vn 0.2414 0.6098 0.7549
vn 0.1419 -0.8967 0.4193
vn 0.6644 -0.6291 0.4036
vn 0.9298 -0.1078 0.3519
vn 0.6817 -0.6992 -0.2154
vn 0.9471 -0.1779 -0.2671
vn 0.1592 -0.9668 -0.1998
vn 0.1151 -0.6641 -0.7388
vn 0.4362 -0.4995 -0.7484
vn 0.5994 -0.1791 -0.7802
vn -0.4971 -0.3575 -0.7906
vn -0.5543 -0.0035 -0.8323
vn -0.2414 -0.6098 -0.7549
vn -0.3911 0.3169 -0.8641
vn -0.0700 0.4814 -0.8737
vn 0.2865 0.4272 -0.8576
vn 0.5422 0.1748 -0.8218
vn -0.4208 -0.8786 -0.2260
vn -0.8368 -0.4681 -0.2841
vn -0.4381 -0.8084 0.3930
vn -0.8541 -0.3980 0.3349
vn -0.9471 0.1779 0.2671
vn -0.9298 0.1078 -0.3519
vn -0.6817 0.6992 0.2154
vn -0.6644 0.6291 -0.4036
vn -0.1419 0.8967 -0.4193
vn -0.1592 0.9668 0.1998
vn 0.4208 0.8786 0.2260
vn 0.4381 0.8084 -0.3930
vn 0.8368 0.4681 0.2841
vn 0.8541 0.3980 -0.3349
vn 0.0159 -0.0392 -0.9991
vn 0.0039 0.0346 -0.9994
vn -0.1584 0.9806 -0.1155
vn -0.6877 -0.1232 -0.7154
vn -0.6877 -0.1234 -0.7154
vn -0.6938 -0.0525 -0.7182
vn -0.6653 -0.2620 -0.6991
vn -0.6654 -0.2618 -0.6991
vn 0.0395 -0.1853 -0.9819
vn 0.0395 -0.1852 -0.9819
vn -0.9941 -0.1070 -0.0157
vn -0.9941 -0.1071 -0.0157
vn -0.9984 -0.0530 -0.0219
vn -0.9769 -0.2136 -0.0031
vn -0.7270 0.0353 0.6858
vn -0.7270 0.0356 0.6857
vn -0.7327 0.1050 0.6724
vn -0.7046 -0.1031 0.7021
vn -0.7045 -0.1034 0.7021
vn -0.9639 -0.2662 0.0032
vn -0.6880 -0.1722 0.7050
vn -0.0159 0.0393 0.9991
vn -0.0039 -0.0346 0.9994
vn -0.0395 0.1852 0.9819
vn 0.1584 -0.9806 0.1155
vn 0.6877 0.1234 0.7154
vn 0.6877 0.1232 0.7154
vn 0.6938 0.0525 0.7182
vn 0.9941 0.1070 0.0157
vn 0.9984 0.0530 0.0219
vn 0.9769 0.2136 0.0031
vn 0.9769 0.2137 0.0031
vn 0.6654 0.2618 0.6991
vn 0.6653 0.2622 0.6990
vn 0.9639 0.2662 -0.0032
vn 0.6490 0.3298 0.6856
vn -0.0511 0.2571 0.9650
vn 0.7046 0.1031 -0.7021
vn 0.7045 0.1033 -0.7021
vn 0.6880 0.1722 -0.7050
vn 0.7269 -0.0353 -0.6858
vn 0.7270 -0.0355 -0.6858
vn 0.7327 -0.1050 -0.6724
vn 0.0511 -0.2571 -0.9650
vn -0.6490 -0.3298 -0.6856
vn 0.1745 0.6382 0.7498
vn -0.1861 0.6479 0.7386
vn -0.4843 0.4450 0.7532
vn -0.5050 -0.2370 0.8299
vn -0.2196 -0.4556 0.8627
vn 0.1410 -0.4653 0.8739
vn -0.6061 0.1070 0.7881
vn 0.4599 0.4197 0.7825
vn 0.5610 0.0756 0.8243
vn 0.4392 -0.2623 0.8592
vn -0.7936 -0.4991 0.3480
vn -0.3293 -0.8547 0.4013
vn -0.9581 0.0606 0.2800
vn -0.9408 -0.0096 -0.3390
vn -0.7763 -0.5692 -0.2710
vn -0.3120 -0.9248 -0.2177
vn -0.4599 -0.4196 -0.7825
vn -0.1745 -0.6382 -0.7498
vn -0.5610 -0.0757 -0.8243
vn 0.1862 -0.6479 -0.7386
vn -0.4392 0.2624 -0.8592
vn -0.1410 0.4653 -0.8739
vn 0.2196 0.4556 -0.8627
vn 0.5050 0.2370 -0.8299
vn 0.6061 -0.1070 -0.7881
vn 0.4843 -0.4450 -0.7532
vn 0.2748 -0.9406 -0.1995
vn 0.7599 -0.6105 -0.2233
vn 0.2575 -0.8705 0.4195
vn 0.7426 -0.5403 0.3957
vn 0.9408 0.0096 0.3390
vn 0.9581 -0.0606 -0.2800
vn 0.7763 0.5692 0.2710
vn 0.7936 0.4991 -0.3480
vn 0.3120 0.9248 0.2177
vn 0.3293 0.8547 -0.4013
vn -0.2575 0.8705 -0.4195
vn -0.2748 0.9406 0.1995
vn -0.7599 0.6105 0.2233
vn -0.7426 0.5403 -0.3957
vn 0.1021 -0.1142 -0.9882
vn 0.1022 -0.1142 -0.9882
vn 0.1761 -0.1152 -0.9776
vn 0.9992 -0.0268 0.0310
vn 0.1117 0.6193 -0.7771
vn 0.1114 0.6194 -0.7772
vn 0.1818 0.6128 -0.7691
vn -0.0300 0.6231 -0.7815
vn -0.0301 0.6231 -0.7815
vn -0.0468 -0.1102 -0.9928
vn 0.0845 0.9904 -0.1098
vn 0.0844 0.9904 -0.1098
vn 0.1386 0.9845 -0.1076
vn -0.0242 0.9933 -0.1132
vn -0.0243 0.9933 -0.1132
vn -0.0689 0.7819 0.6196
vn -0.0691 0.7819 0.6196
vn 0.0724 0.7780 0.6240
vn 0.0722 0.7781 0.6240
vn 0.1429 0.7703 0.6215
vn 0.0467 0.1102 0.9928
vn 0.1211 0.1073 0.9868
vn 0.0298 -0.6231 0.7815
vn 0.0297 -0.6231 0.7815
vn 0.1007 -0.6203 0.7778
vn 0.0242 -0.9933 0.1132
vn 0.0243 -0.9933 0.1132
vn 0.0786 -0.9903 0.1144
vn -0.0844 -0.9904 0.1098
vn -0.1117 -0.6193 0.7771
vn -0.1114 -0.6194 0.7772
vn -0.1818 -0.6128 0.7691
vn -0.1386 -0.9845 0.1076
vn -0.0725 -0.7780 -0.6240
vn -0.0722 -0.7781 -0.6240
vn -0.1429 -0.7703 -0.6215
vn 0.0691 -0.7819 -0.6196
vn 0.0689 -0.7819 -0.6196
vn -0.9992 0.0268 -0.0310
vn -0.1211 -0.1073 -0.9868
vn -0.1007 0.6203 -0.7778
vn -0.0786 0.9903 -0.1144
vn -0.1396 0.7779 0.6128
vn -0.1021 0.1142 0.9882
vn -0.1022 0.1142 0.9882
vn -0.1761 0.1152 0.9776
vn 0.1396 -0.7779 -0.6127
vn -0.2865 -0.4271 0.8576
vn -0.5422 -0.1748 0.8218
vn -0.4363 0.4996 0.7484
vn 0.9298 -0.1078 0.3520
vn 0.4363 -0.4996 -0.7484
vn 0.5994 -0.1791 -0.7801
vn 0.5422 0.1748 -0.8219
vn 0.2865 0.4271 -0.8576
vn -0.0699 0.4814 -0.8737
vn -0.5542 -0.0035 -0.8324
vn -0.1592 0.9668 0.1997
vn 0.1592 -0.9668 -0.1997
vn -0.6878 -0.1232 -0.7154
vn -0.6653 -0.2621 -0.6990
vn -0.9941 -0.1069 -0.0157
vn -0.9942 -0.1068 -0.0157
vn -0.9769 -0.2137 -0.0031
vn -0.7046 -0.1033 0.7021
vn -0.0395 0.1851 0.9819
vn -0.0159 0.0392 0.9991
vn 0.6878 0.1231 0.7154
vn 0.6938 0.0526 0.7182
vn 0.9941 0.1071 0.0157
vn 0.9941 0.1069 0.0157
vn 0.6653 0.2620 0.6991
vn 0.7270 -0.0353 -0.6858
vn 0.7045 0.1034 -0.7021
vn -0.1862 0.6479 0.7386
vn -0.4843 0.4450 0.7533
vn 0.4599 0.4196 0.7826
vn 0.4392 -0.2624 0.8592
vn 0.2197 0.4556 -0.8627
vn -0.4599 -0.4196 -0.7826
vn -0.5610 -0.0756 -0.8244
vn 0.1116 0.6193 -0.7771
vn -0.0302 0.6231 -0.7815
vn -0.0467 -0.1102 -0.9928
vn 0.0724 0.7781 0.6240
vn -0.0692 0.7818 0.6196
vn 0.0468 0.1102 0.9928
vn -0.1020 0.1142 0.9882
vn -0.1396 0.7779 0.6127
vn -0.1007 0.6204 -0.7778
vn -0.0723 -0.7781 -0.6240
vn 0.0690 -0.7819 -0.6196
vn 0.0300 -0.6231 0.7815
vn -0.1116 -0.6193 0.7771
vn 0.4599 0.4196 0.7825
vn -0.2197 -0.4556 0.8627
vn 0.2196 0.4555 -0.8627
vn -0.4392 0.2623 -0.8592
vn 0.4843 -0.4450 -0.7533
vn 0.1023 -0.1142 -0.9882
vn -0.0299 0.6231 -0.7815
vn -0.0297 0.6231 -0.7815
vn -0.0466 -0.1102 -0.9928
vn 0.0723 0.7781 0.6240
vn -0.1115 -0.6194 0.7771
vn -0.0845 -0.9904 0.1098
vn -0.0846 -0.9903 0.1098
vn 0.0241 -0.9933 0.1132
vn 0.0297 -0.6232 0.7815
vn -0.1151 0.6641 0.7388
vn -0.9298 0.1078 -0.3520
vn 0.0159 -0.0390 -0.9991
vn 0.0159 -0.0391 -0.9991
vn -0.6653 -0.2623 -0.6990
vn -0.7045 -0.1033 0.7021
vn -0.7270 0.0355 0.6857
vn -0.0159 0.0390 0.9991
vn -0.0159 0.0391 0.9991
vn 0.6878 0.1232 0.7154
vn 0.6878 0.1228 0.7154
vn 0.9769 0.2136 0.0032
vn 0.7046 0.1033 -0.7021
vn -0.6490 -0.3297 -0.6856
vn 0.4971 0.3575 0.7907
vn -0.4971 -0.3575 -0.7907
vn -0.6653 -0.2619 -0.6991
vn -0.9769 -0.2136 -0.0032
vn -0.7269 0.0353 0.6858
vn -0.7270 0.0355 0.6858
vn -0.0395 0.1853 0.9819
vn 0.1115 0.6193 -0.7772
vn 0.0725 0.7780 0.6240
vn -0.1119 -0.6193 0.7771
vn 0.0692 -0.7819 -0.6196
vt 0.000000 0.000000
vt 0.000000 1.000000
vt 1.000000 1.000000
vt 1.000000 0.000000
vt 0.000000 0.250000
vt 1.000000 0.250000
vt 0.750000 0.000000
vt 0.750000 1.000000
vt 0.000000 0.500000
vt 1.000000 0.500000
vt 0.500000 0.000000
vt 0.500000 1.000000
vt 0.250000 0.000000
vt 0.250000 1.000000
vt 0.000000 0.750000
vt 1.000000 0.750000
vt 0.800000 1.000000
vt 0.900000 0.800000
vt 0.800000 0.800000
vt 0.700000 1.000000
vt 0.700000 0.800000
vt 0.900000 1.000000
vt 1.000000 0.800000
vt 0.100000 0.800000
vt 0.000000 0.800000
vt 0.100000 1.000000
vt 0.200000 0.800000
vt 0.200000 1.000000
vt 0.300000 0.800000
vt 0.300000 1.000000
vt 0.400000 0.800000
vt 0.400000 1.000000
vt 0.500000 0.800000
vt 0.600000 0.800000
vt 0.600000 1.000000
vt 0.900000 0.600000
vt 0.800000 0.600000
vt 1.000000 0.600000
vt 1.000000 0.400000
vt 0.900000 0.400000
vt 0.800000 0.400000
vt 0.900000 0.200000
vt 0.800000 0.200000
vt 1.000000 0.200000
vt 0.800000 0.000000
vt 0.900000 0.000000
vt 0.700000 0.000000
vt 0.700000 0.200000
vt 0.000000 0.200000
vt 0.100000 0.200000
vt 0.100000 0.000000
vt 0.200000 0.200000
vt 0.200000 0.000000
vt 0.300000 0.200000
vt 0.300000 0.000000
vt 0.400000 0.200000
vt 0.400000 0.000000
vt 0.500000 0.200000
vt 0.600000 0.200000
vt 0.600000 0.000000
vt 0.700000 0.400000
vt 0.600000 0.400000
vt 0.700000 0.600000
vt 0.600000 0.600000
vt 0.500000 0.600000
vt 0.500000 0.400000
vt 0.400000 0.600000
vt 0.400000 0.400000
vt 0.300000 0.600000
vt 0.300000 0.400000
vt 0.200000 0.400000
vt 0.200000 0.600000
vt 0.100000 0.600000
vt 0.100000 0.400000
vt 0.000000 0.600000
vt 0.000000 0.400000
vt 0.264498 0.256800
vt 0.735502 0.256800
vt 0.735502 0.000000
vt 0.264498 0.000000
vt 0.000000 0.192263
vt 0.000000 0.807737
vt 0.264498 1.000000
vt 0.735502 1.000000
vt 1.000000 0.807737
vt 1.000000 0.192263
vt 0.743200 0.098800
vt 0.743200 0.192263
vt 1.000000 0.098800
vt 0.256800 0.098800
vt 0.256800 0.192263
vt 0.264498 0.743200
vt 0.735502 0.743200
vt 0.743200 0.807737
vt 0.256800 0.807737
vt 0.256800 0.901200
vt 0.743200 0.901200
vt 1.000000 0.901200
vt 0.000000 0.901200
vt 0.000000 0.098800
s 1
f 1/1/1 4/2/1 5/3/1 2/4/1
f 1/4/2 2/1/2 20/5/3 3/6/4
f 3/7/5 6/8/5 4/3/6 1/4/6
f 4/1/7 6/5/8 7/6/9 5/4/7
f 6/5/8 8/9/10 10/10/10 7/6/9
f 9/11/11 8/12/11 6/8/5 3/7/5
f 12/13/5 11/14/5 8/12/11 9/11/11
f 8/9/10 11/15/12 13/16/13 10/10/10
f 15/1/14 14/2/14 11/14/5 12/13/5
f 11/15/12 14/2/15 16/3/15 13/16/13
f 17/1/16 16/2/16 14/3/16 15/4/16
f 18/7/17 13/8/17 16/3/17 17/4/17
f 12/16/18 18/15/18 17/2/19 15/3/19
f 19/11/17 10/12/17 13/8/17 18/7/17
f 9/10/20 19/9/20 18/15/18 12/16/18
f 20/13/17 7/14/17 10/12/17 19/11/17
f 3/6/4 20/5/3 19/9/20 9/10/20
f 2/1/17 5/2/17 7/14/17 20/13/17
f 21/17/21 31/18/22 22/19/23
f 21/20/21 22/19/23 30/21/24
f 21/22/21 23/23/25 31/18/22
f 21/2/21 24/24/26 23/25/25
f 21/26/21 25/27/27 24/24/26
f 21/28/21 26/29/28 25/27/27
f 21/30/21 27/31/29 26/29/28
f 21/32/21 28/33/30 27/31/29
f 21/12/21 29/34/31 28/33/30
f 21/35/21 30/21/24 29/34/31
f 22/19/23 31/18/22 32/36/32 34/37/33
f 31/18/22 23/23/25 33/38/34 32/36/32
f 32/36/32 33/38/34 37/39/35 35/40/36
f 34/37/33 32/36/32 35/40/36 36/41/37
f 36/41/37 35/40/36 38/42/38 39/43/39
f 35/40/36 37/39/35 40/44/40 38/42/38
f 41/45/41 39/43/39 38/42/38
f 41/46/41 38/42/38 40/44/40
f 41/47/41 48/48/42 39/43/39
f 41/1/41 40/49/40 42/50/43
f 41/51/41 42/50/43 43/52/44
f 41/53/41 43/52/44 44/54/45
f 41/55/41 44/54/45 45/56/46
f 41/57/41 45/56/46 46/58/47
f 41/11/41 46/58/47 47/59/48
f 41/60/41 47/59/48 48/48/42
f 49/61/49 36/41/37 39/43/39 48/48/42
f 51/62/50 49/61/49 48/48/42 47/59/48
f 50/63/51 34/37/33 36/41/37 49/61/49
f 52/64/52 50/63/51 49/61/49 51/62/50
f 54/65/53 52/64/52 51/62/50 53/66/54
f 53/66/54 51/62/50 47/59/48 46/58/47
f 56/67/55 54/65/53 53/66/54 55/68/56
f 55/68/56 53/66/54 46/58/47 45/56/46
f 59/69/57 56/67/55 55/68/56 57/70/58
f 57/70/58 55/68/56 45/56/46 44/54/45
f 58/71/59 57/70/58 44/54/45 43/52/44
f 60/72/60 59/69/57 57/70/58 58/71/59
f 26/29/28 27/31/29 56/67/55 59/69/57
f 25/27/27 26/29/28 59/69/57 60/72/60
f 24/24/26 25/27/27 60/72/60 61/73/61
f 61/73/61 60/72/60 58/71/59 62/74/62
f 23/25/25 24/24/26 61/73/61 33/75/34
f 33/75/34 61/73/61 62/74/62 37/76/35
f 37/76/35 62/74/62 42/50/43 40/49/40
f 62/74/62 58/71/59 43/52/44 42/50/43
f 27/31/29 28/33/30 54/65/53 56/67/55
f 28/33/30 29/34/31 52/64/52 54/65/53
f 29/34/31 30/21/24 50/63/51 52/64/52
f 30/21/24 22/19/23 34/37/33 50/63/51
f 68/77/63 66/78/64 63/79/65 64/80/65
f 65/81/66 74/82/66 75/83/66 76/84/66 78/85/66 79/86/66 64/79/66 63/80/66
f 66/87/67 69/88/68 65/86/69 63/89/69
f 69/88/68 66/87/67 67/90/70 70/91/71
f 66/78/64 68/77/63 86/92/72 67/93/73
f 69/88/74 71/94/75 74/85/76 65/86/76
f 70/91/77 72/95/78 71/94/75 69/88/74
f 72/95/79 94/96/80 73/97/81 71/94/82
f 71/94/82 73/97/81 75/98/83 74/85/83
f 73/77/84 77/78/84 76/79/85 75/80/85
f 77/96/86 80/95/87 78/82/88 76/99/88
f 80/95/89 81/91/90 79/81/91 78/82/91
f 81/91/90 80/95/89 82/94/92 85/88/93
f 80/95/87 77/96/86 83/97/94 82/94/95
f 82/94/95 83/97/94 93/98/96 84/85/96
f 85/88/93 82/94/92 84/85/97 87/86/97
f 86/87/98 85/88/99 87/86/100 88/89/100
f 85/88/99 86/87/98 68/90/101 81/91/102
f 87/81/103 84/82/103 93/83/103 92/84/103 91/85/103 90/86/103 89/79/103 88/80/103
f 67/93/73 86/92/72 88/83/104 89/84/104
f 70/91/71 67/90/70 89/100/105 90/81/105
f 72/95/78 70/91/77 90/81/106 91/82/106
f 94/96/80 72/95/79 91/82/107 92/99/107
f 83/93/108 94/92/109 92/83/110 93/84/110
f 77/78/84 73/77/84 94/92/109 83/93/108
f 81/91/102 68/90/101 64/100/111 79/81/111
f 95/22/112 96/23/113 104/18/114
f 95/2/112 97/24/115 96/25/113
f 95/26/112 98/27/116 97/24/115
f 95/28/112 99/29/117 98/27/116
f 95/30/112 100/31/118 99/29/117
f 95/32/112 101/33/119 100/31/118
f 95/12/112 102/34/120 101/33/119
f 95/35/112 103/21/121 102/34/120
f 95/20/112 105/19/122 103/21/121
f 95/17/112 104/18/114 105/19/122
f 103/21/121 105/19/122 106/37/123 107/63/124
f 105/19/122 104/18/114 108/36/125 106/37/123
f 107/63/124 106/37/123 109/41/126 112/61/127
f 106/37/123 108/36/125 110/40/128 109/41/126
f 109/41/126 110/40/128 119/42/129 111/43/130
f 112/61/127 109/41/126 111/43/130 114/48/131
f 136/64/132 107/63/124 112/61/127 113/62/133
f 113/62/133 112/61/127 114/48/131 115/59/134
f 116/60/135 115/59/134 114/48/131
f 116/47/135 114/48/131 111/43/130
f 116/11/135 123/58/136 115/59/134
f 116/46/135 119/42/129 117/44/137
f 116/1/135 117/49/137 118/50/138
f 116/45/135 111/43/130 119/42/129
f 116/51/135 118/50/138 120/52/139
f 116/53/135 120/52/139 121/54/140
f 116/55/135 121/54/140 122/56/141
f 116/57/135 122/56/141 123/58/136
f 124/66/142 113/62/133 115/59/134 123/58/136
f 126/68/143 124/66/142 123/58/136 122/56/141
f 125/65/144 136/64/132 113/62/133 124/66/142
f 127/67/145 125/65/144 124/66/142 126/68/143
f 129/69/146 127/67/145 126/68/143 128/70/147
f 128/70/147 126/68/143 122/56/141 121/54/140
f 131/72/148 129/69/146 128/70/147 130/71/149
f 130/71/149 128/70/147 121/54/140 120/52/139
f 134/73/150 131/72/148 130/71/149 132/74/151
f 132/74/151 130/71/149 120/52/139 118/50/138
f 133/76/152 132/74/151 118/50/138 117/49/137
f 135/75/153 134/73/150 132/74/151 133/76/152
f 97/24/115 98/27/116 131/72/148 134/73/150
f 96/25/113 97/24/115 134/73/150 135/75/153
f 104/18/114 96/23/113 135/38/153 108/36/125
f 108/36/125 135/38/153 133/39/152 110/40/128
f 110/40/128 133/39/152 117/44/137 119/42/129
f 98/27/116 99/29/117 129/69/146 131/72/148
f 99/29/117 100/31/118 127/67/145 129/69/146
f 100/31/118 101/33/119 125/65/144 127/67/145
f 101/33/119 102/34/120 136/64/132 125/65/144
f 102/34/120 103/21/121 107/63/124 136/64/132
f 142/77/154 140/78/155 137/79/156 138/80/156
f 139/81/157 146/82/157 150/83/157 168/84/157 167/85/157 166/86/157 138/79/157 137/80/157
f 140/87/158 143/88/159 139/86/160 137/89/160
f 143/88/159 140/87/158 141/90/161 144/91/162
f 140/78/155 142/77/154 162/92/163 141/93/164
f 143/88/165 145/94/165 146/85/166 139/86/166
f 144/91/167 147/95/168 145/94/165 143/88/165
f 145/94/169 148/97/170 150/98/171 146/85/171
f 147/95/172 151/96/173 148/97/170 145/94/169
f 148/77/174 149/78/175 168/79/176 150/80/176
f 149/78/175 148/77/174 151/92/177 152/93/178
f 152/93/178 151/92/177 153/83/179 155/84/179
f 151/96/173 147/95/172 154/82/180 153/99/180
f 157/81/181 156/82/181 155/83/181 153/84/181 154/85/181 165/86/181 164/79/181 163/80/181
f 158/94/182 152/97/183 155/98/184 156/85/184
f 160/88/185 158/94/186 156/85/187 157/86/187
f 159/95/188 149/96/189 152/97/183 158/94/182
f 161/91/190 159/95/190 158/94/186 160/88/185
f 162/87/191 160/88/192 157/86/193 163/89/193
f 160/88/192 162/87/191 142/90/194 161/91/195
f 141/93/164 162/92/163 163/83/196 164/84/196
f 144/91/162 141/90/161 164/100/197 165/81/197
f 147/95/168 144/91/167 165/81/198 154/82/198
f 161/91/195 142/90/194 138/100/199 166/81/199
f 159/95/190 161/91/190 166/81/200 167/82/200
f 149/96/189 159/95/188 167/82/201 168/99/201
f 169/17/202 179/18/203 170/19/204
f 169/20/202 170/19/204 178/21/205
f 169/22/202 171/23/206 179/18/203
f 169/2/202 172/24/207 171/25/206
f 169/26/202 173/27/208 172/24/207
f 169/28/202 174/29/209 173/27/208
f 169/30/202 175/31/210 174/29/209
f 169/32/202 176/33/211 175/31/210
f 169/12/202 177/34/212 176/33/211
f 169/35/202 178/21/205 177/34/212
f 170/19/204 179/18/203 180/36/213 181/37/214
f 179/18/203 171/23/206 182/38/215 180/36/213
f 181/37/214 180/36/213 183/40/216 185/41/217
f 180/36/213 182/38/215 184/39/218 183/40/216
f 183/40/216 184/39/218 188/44/219 186/42/220
f 185/41/217 183/40/216 186/42/220 187/43/221
f 189/45/222 187/43/221 186/42/220
f 189/46/222 186/42/220 188/44/219
f 189/57/222 190/56/223 191/58/224
f 189/55/222 196/54/225 190/56/223
f 189/11/222 191/58/224 192/59/226
f 189/60/222 192/59/226 193/48/227
f 189/47/222 193/48/227 187/43/221
f 189/1/222 188/49/219 194/50/228
f 189/51/222 194/50/228 195/52/229
f 189/53/222 195/52/229 196/54/225
f 197/70/230 200/68/231 190/56/223 196/54/225
f 199/71/232 197/70/230 196/54/225 195/52/229
f 198/69/233 201/67/234 200/68/231 197/70/230
f 208/72/235 198/69/233 197/70/230 199/71/232
f 201/67/234 203/65/236 202/66/237 200/68/231
f 200/68/231 202/66/237 191/58/224 190/56/223
f 203/65/236 206/64/238 204/62/239 202/66/237
f 202/66/237 204/62/239 192/59/226 191/58/224
f 204/62/239 205/61/240 193/48/227 192/59/226
f 206/64/238 207/63/241 205/61/240 204/62/239
f 177/34/212 178/21/205 207/63/241 206/64/238
f 176/33/211 177/34/212 206/64/238 203/65/236
f 178/21/205 170/19/204 181/37/214 207/63/241
f 207/63/241 181/37/214 185/41/217 205/61/240
f 205/61/240 185/41/217 187/43/221 193/48/227
f 175/31/210 176/33/211 203/65/236 201/67/234
f 174/29/209 175/31/210 201/67/234 198/69/233
f 210/73/242 208/72/235 199/71/232 209/74/243
f 209/74/243 199/71/232 195/52/229 194/50/228
f 182/75/215 210/73/242 209/74/243 184/76/218
f 184/76/218 209/74/243 194/50/228 188/49/219
f 171/25/206 172/24/207 210/73/242 182/75/215
f 172/24/207 173/27/208 208/72/235 210/73/242
f 173/27/208 174/29/209 198/69/233 208/72/235
f 216/77/244 214/78/245 211/79/246 212/80/246
f 213/81/247 220/82/247 223/83/247 242/84/247 240/85/247 241/86/247 212/79/247 211/80/247
f 214/87/248 217/88/249 213/86/250 211/89/250
f 217/88/249 214/87/248 215/90/251 218/91/252
f 214/78/245 216/77/244 234/92/253 215/93/254
f 217/88/255 219/94/256 220/85/257 213/86/257
f 218/91/258 221/95/258 219/94/256 217/88/255
f 219/94/259 222/97/260 223/98/261 220/85/261
f 221/95/262 225/96/263 222/97/260 219/94/259
f 222/77/264 224/78/264 242/79/265 223/80/265
f 224/78/264 222/77/264 225/92/266 226/93/266
f 226/93/266 225/92/266 227/83/267 228/84/267
f 225/96/263 221/95/262 229/82/268 227/99/268
f 233/81/269 239/82/269 228/83/269 227/84/269 229/85/269 230/86/269 231/79/269 232/80/269
f 221/95/258 218/91/258 230/81/270 229/82/270
f 218/91/252 215/90/251 231/100/271 230/81/271
f 215/93/254 234/92/253 232/83/272 231/84/272
f 234/87/273 235/88/274 233/86/275 232/89/275
f 235/88/274 234/87/273 216/90/276 236/91/277
f 236/91/278 238/95/279 237/94/280 235/88/281
f 235/88/281 237/94/280 239/85/282 233/86/282
f 238/95/283 224/96/284 226/97/285 237/94/286
f 237/94/286 226/97/285 228/98/287 239/85/287
f 238/95/279 236/91/278 241/81/288 240/82/288
f 224/96/284 238/95/283 240/82/289 242/99/289
f 236/91/277 216/90/276 212/100/290 241/81/290
f 243/22/10 245/23/291 244/18/292
f 243/17/10 244/18/292 253/19/293
f 243/2/10 246/24/294 245/25/291
f 243/26/10 247/27/295 246/24/294
f 243/28/10 248/29/296 247/27/295
f 243/30/10 249/31/297 248/29/296
f 243/32/10 250/33/298 249/31/297
f 243/12/10 251/34/299 250/33/298
f 243/35/10 252/21/300 251/34/299
f 243/20/10 253/19/293 252/21/300
f 253/19/293 244/18/292 256/36/301 254/37/302
f 252/21/300 253/19/293 254/37/302 255/63/303
f 255/63/303 254/37/302 257/41/304 258/61/305
f 254/37/302 256/36/301 259/40/306 257/41/304
f 258/61/305 257/41/304 260/43/307 261/48/308
f 257/41/304 259/40/306 262/42/309 260/43/307
f 263/47/20 261/48/308 260/43/307
f 263/45/20 260/43/307 262/42/309
f 263/53/20 264/52/310 265/54/311
f 263/51/20 270/50/312 264/52/310
f 263/55/20 265/54/311 266/56/313
f 263/57/20 266/56/313 267/58/314
f 263/11/20 267/58/314 268/59/315
f 263/60/20 268/59/315 261/48/308
f 263/46/20 262/42/309 269/44/316
f 263/1/20 269/49/316 270/50/312
f 271/74/317 274/71/318 264/52/310 270/50/312
f 273/76/319 271/74/317 270/50/312 269/49/316
f 272/73/320 275/72/321 274/71/318 271/74/317
f 284/75/322 272/73/320 271/74/317 273/76/319
f 275/72/321 277/69/323 276/70/324 274/71/318
f 274/71/318 276/70/324 265/54/311 264/52/310
f 277/69/323 280/67/325 278/68/326 276/70/324
f 276/70/324 278/68/326 266/56/313 265/54/311
f 278/68/326 279/66/327 267/58/314 266/56/313
f 280/67/325 281/65/328 279/66/327 278/68/326
f 249/31/297 250/33/298 281/65/328 280/67/325
f 248/29/296 249/31/297 280/67/325 277/69/323
f 250/33/298 251/34/299 282/64/329 281/65/328
f 281/65/328 282/64/329 283/62/330 279/66/327
f 282/64/329 255/63/303 258/61/305 283/62/330
f 251/34/299 252/21/300 255/63/303 282/64/329
f 279/66/327 283/62/330 268/59/315 267/58/314
f 283/62/330 258/61/305 261/48/308 268/59/315
f 247/27/295 248/29/296 277/69/323 275/72/321
f 246/24/294 247/27/295 275/72/321 272/73/320
f 256/36/301 284/38/322 273/39/319 259/40/306
f 259/40/306 273/39/319 269/44/316 262/42/309
f 244/18/292 245/23/291 284/38/322 256/36/301
f 245/25/291 246/24/294 272/73/320 284/75/322
f 290/77/331 288/78/332 285/79/333 286/80/333
f 287/81/334 295/82/334 313/83/334 312/84/334 310/85/334 311/86/334 286/79/334 285/80/334
f 288/87/335 291/88/336 287/86/337 285/89/337
f 291/88/336 288/87/335 289/90/338 292/91/339
f 288/78/332 290/77/331 314/92/340 289/93/340
f 291/88/341 293/94/342 295/85/343 287/86/343
f 292/91/344 296/95/344 293/94/342 291/88/341
f 293/94/345 294/97/346 313/98/347 295/85/347
f 296/95/348 297/96/349 294/97/346 293/94/345
f 296/95/344 292/91/344 299/81/350 298/82/350
f 297/96/349 296/95/348 298/82/351 300/99/351
f 304/81/352 303/82/352 301/83/352 300/84/352 298/85/352 299/86/352 316/79/352 315/80/352
f 302/93/353 297/92/354 300/83/355 301/84/355
f 305/94/356 302/97/357 301/98/358 303/85/358
f 306/88/359 305/94/360 303/85/361 304/86/361
f 308/91/362 307/95/362 305/94/360 306/88/359
f 307/95/363 309/96/364 302/97/357 305/94/356
f 307/95/362 308/91/362 311/81/365 310/82/365
f 309/96/364 307/95/363 310/82/366 312/99/366
f 294/77/367 309/78/368 312/79/369 313/80/369
f 308/91/370 290/90/371 286/100/372 311/81/372
f 309/78/368 294/77/367 297/92/354 302/93/353
f 306/88/373 314/87/374 290/90/371 308/91/370
f 314/87/374 306/88/373 304/86/375 315/89/375
f 289/93/340 314/92/340 315/83/376 316/84/376
f 292/91/339 289/90/338 316/100/377 299/81/377
f 317/22/10 318/23/378 326/18/292
f 317/2/10 319/24/294 318/25/378
f 317/26/10 320/27/295 319/24/294
f 317/28/10 321/29/379 320/27/295
f 317/30/10 322/31/297 321/29/379
f 317/32/10 323/33/380 322/31/297
f 317/12/10 324/34/299 323/33/380
f 317/35/10 325/21/300 324/34/299
f 317/20/10 327/19/293 325/21/300
f 317/17/10 326/18/292 327/19/293
f 325/21/300 327/19/293 328/37/302 329/63/303
f 327/19/293 326/18/292 330/36/301 328/37/302
f 329/63/303 328/37/302 331/41/304 332/61/305
f 328/37/302 330/36/301 333/40/306 331/41/304
f 332/61/305 331/41/304 334/43/307 337/48/308
f 331/41/304 333/40/306 335/42/309 334/43/307
f 336/45/20 334/43/307 335/42/309
f 336/47/20 337/48/308 334/43/307
f 339/62/381 332/61/305 337/48/308 338/59/315
f 336/60/20 338/59/315 337/48/308
f 341/66/327 339/62/381 338/59/315 340/58/382
f 336/11/20 340/58/382 338/59/315
f 343/68/326 341/66/327 340/58/382 342/56/313
f 336/57/20 342/56/313 340/58/382
f 345/70/324 343/68/326 342/56/313 344/54/311
f 336/55/20 344/54/311 342/56/313
f 347/71/318 345/70/324 344/54/311 346/52/383
f 336/53/20 346/52/383 344/54/311
f 350/74/317 347/71/318 346/52/383 348/50/312
f 336/51/20 348/50/312 346/52/383
f 336/1/20 349/49/384 348/50/312
f 352/76/319 350/74/317 348/50/312 349/49/384
f 351/73/320 354/72/321 347/71/318 350/74/317
f 353/75/322 351/73/320 350/74/317 352/76/319
f 330/36/301 353/38/322 352/39/319 333/40/306
f 333/40/306 352/39/319 349/44/384 335/42/309
f 326/18/292 318/23/378 353/38/322 330/36/301
f 318/25/378 319/24/294 351/73/320 353/75/322
f 319/24/294 320/27/295 354/72/321 351/73/320
f 320/27/295 321/29/379 355/69/323 354/72/321
f 354/72/321 355/69/323 345/70/324 347/71/318
f 321/29/379 322/31/297 356/67/325 355/69/323
f 355/69/323 356/67/325 343/68/326 345/70/324
f 356/67/325 357/65/385 341/66/327 343/68/326
f 322/31/297 323/33/380 357/65/385 356/67/325
f 357/65/385 358/64/329 339/62/381 341/66/327
f 323/33/380 324/34/299 358/64/329 357/65/385
f 324/34/299 325/21/300 329/63/303 358/64/329
f 358/64/329 329/63/303 332/61/305 339/62/381
f 336/46/20 335/42/309 349/44/384
f 364/77/332 362/78/332 359/79/333 360/80/333
f 361/81/334 387/82/334 386/83/334 382/84/334 380/85/334 378/86/334 360/79/334 359/80/334
f 362/87/335 365/88/336 361/86/337 359/89/337
f 365/88/336 362/87/335 363/90/338 367/91/339
f 362/78/332 364/77/332 374/92/340 363/93/386
f 365/88/387 366/94/387 387/85/343 361/86/343
f 367/91/344 368/95/388 366/94/387 365/88/387
f 368/95/388 367/91/344 369/81/350 370/82/350
f 367/91/339 363/90/338 371/100/377 369/81/377
f 373/81/352 390/82/352 389/83/352 388/84/352 370/85/352 369/86/352 371/79/352 372/80/352
f 363/93/386 374/92/340 372/83/376 371/84/376
f 374/87/374 375/88/373 373/86/375 372/89/375
f 375/88/373 374/87/374 364/90/371 377/91/389
f 375/88/360 376/94/390 390/85/361 373/86/361
f 377/91/391 379/95/391 376/94/390 375/88/360
f 377/91/389 364/90/371 360/100/372 378/81/372
f 379/95/391 377/91/391 378/81/365 380/82/365
f 381/96/392 379/95/363 380/82/366 382/99/366
f 379/95/363 381/96/392 383/97/357 376/94/356
f 384/77/367 381/78/367 382/79/369 386/80/369
f 381/78/367 384/77/367 385/92/353 383/93/393
f 368/95/348 385/96/394 384/97/395 366/94/396
f 366/94/396 384/97/395 386/98/347 387/85/347
f 383/93/393 385/92/353 388/83/355 389/84/355
f 385/96/394 368/95/348 370/82/351 388/99/351
f 376/94/356 383/97/357 389/98/358 390/85/358
f 391/22/10 392/23/378 401/18/292
f 391/2/10 394/24/294 392/25/378
f 391/17/10 401/18/292 393/19/293
f 391/20/10 393/19/293 400/21/397
f 391/26/10 395/27/398 394/24/294
f 391/28/10 396/29/379 395/27/398
f 391/30/10 397/31/297 396/29/379
f 391/32/10 398/33/298 397/31/297
f 391/12/10 399/34/299 398/33/298
f 391/35/10 400/21/397 399/34/299
f 393/19/293 401/18/292 402/36/301 404/37/302
f 401/18/292 392/23/378 403/38/322 402/36/301
f 402/36/301 403/38/322 406/39/319 405/40/306
f 404/37/302 402/36/301 405/40/306 407/41/304
f 405/40/306 406/39/319 410/44/384 408/42/399
f 407/41/304 405/40/306 408/42/399 409/43/307
f 411/45/20 409/43/307 408/42/399
f 411/46/20 408/42/399 410/44/384
f 411/60/20 412/59/315 413/48/308
f 411/11/20 418/58/314 412/59/315
f 411/47/20 413/48/308 409/43/307
f 411/1/20 410/49/384 414/50/312
f 411/51/20 414/50/312 415/52/400
f 411/53/20 415/52/400 416/54/311
f 411/55/20 416/54/311 417/56/313
f 411/57/20 417/56/313 418/58/314
f 419/66/327 422/62/381 412/59/315 418/58/314
f 421/68/326 419/66/327 418/58/314 417/56/313
f 420/65/385 423/64/329 422/62/381 419/66/327
f 426/67/325 420/65/385 419/66/327 421/68/326
f 423/64/329 425/63/303 424/61/305 422/62/381
f 422/62/381 424/61/305 413/48/308 412/59/315
f 425/63/303 404/37/302 407/41/304 424/61/305
f 424/61/305 407/41/304 409/43/307 413/48/308
f 400/21/397 393/19/293 404/37/302 425/63/303
f 399/34/299 400/21/397 425/63/303 423/64/329
f 398/33/298 399/34/299 423/64/329 420/65/385
f 428/69/323 426/67/325 421/68/326 427/70/324
f 427/70/324 421/68/326 417/56/313 416/54/311
f 430/72/321 428/69/323 427/70/324 429/71/318
f 429/71/318 427/70/324 416/54/311 415/52/400
f 432/73/320 430/72/321 429/71/318 431/74/317
f 431/74/317 429/71/318 415/52/400 414/50/312
f 406/76/319 431/74/317 414/50/312 410/49/384
f 403/75/322 432/73/320 431/74/317 406/76/319
f 394/24/294 395/27/398 430/72/321 432/73/320
f 392/25/378 394/24/294 432/73/320 403/75/322
f 395/27/398 396/29/379 428/69/323 430/72/321
f 396/29/379 397/31/297 426/67/325 428/69/323
f 397/31/297 398/33/298 420/65/385 426/67/325
f 438/77/332 436/78/332 433/79/333 434/80/333
f 435/81/334 442/82/334 445/83/334 464/84/334 462/85/334 463/86/334 434/79/334 433/80/334
f 436/87/335 439/88/336 435/86/337 433/89/337
f 439/88/336 436/87/335 437/90/338 440/91/339
f 436/78/332 438/77/332 456/92/401 437/93/340
f 439/88/387 441/94/402 442/85/343 435/86/343
f 440/91/344 443/95/403 441/94/402 439/88/387
f 441/94/396 444/97/346 445/98/347 442/85/347
f 443/95/348 447/96/394 444/97/346 441/94/396
f 444/77/367 446/78/368 464/79/369 445/80/369
f 446/78/368 444/77/367 447/92/354 448/93/393
f 448/93/393 447/92/354 449/83/355 450/84/355
f 447/96/394 443/95/348 451/82/351 449/99/351
f 455/81/352 461/82/352 450/83/352 449/84/352 451/85/352 452/86/352 453/79/352 454/80/352
f 443/95/403 440/91/344 452/81/350 451/82/350
f 440/91/339 437/90/338 453/100/377 452/81/377
f 437/93/340 456/92/401 454/83/376 453/84/376
f 456/87/404 457/88/405 455/86/375 454/89/375
f 457/88/405 456/87/404 438/90/406 458/91/389
f 457/88/360 459/94/360 461/85/361 455/86/361
f 458/91/362 460/95/407 459/94/360 457/88/360
f 460/95/363 446/96/364 448/97/408 459/94/356
f 459/94/356 448/97/408 450/98/358 461/85/358
f 460/95/407 458/91/362 463/81/365 462/82/365
f 446/96/364 460/95/363 462/82/366 464/99/366
f 458/91/389 438/90/406 434/100/372 463/81/372
f 465/17/10 475/18/292 466/19/293
f 465/20/10 466/19/293 474/21/300
f 465/22/10 467/23/291 475/18/292
f 465/2/10 468/24/294 467/25/291
f 465/26/10 469/27/398 468/24/294
f 465/28/10 470/29/379 469/27/398
f 465/30/10 471/31/297 470/29/379
f 465/32/10 472/33/380 471/31/297
f 465/12/10 473/34/299 472/33/380
f 465/35/10 474/21/300 473/34/299
f 475/18/292 467/23/291 477/38/322 476/36/301
f 466/19/293 475/18/292 476/36/301 478/37/302
f 476/36/301 477/38/322 481/39/409 479/40/306
f 478/37/302 476/36/301 479/40/306 480/41/304
f 480/41/304 479/40/306 482/42/399 484/43/410
f 479/40/306 481/39/409 483/44/384 482/42/399
f 485/46/20 482/42/399 483/44/384
f 485/45/20 484/43/410 482/42/399
f 485/57/20 486/56/313 487/58/314
f 485/55/20 492/54/311 486/56/313
f 485/11/20 487/58/314 488/59/315
f 485/60/20 488/59/315 489/48/411
f 485/47/20 489/48/411 484/43/410
f 485/1/20 483/49/384 490/50/312
f 485/51/20 490/50/312 491/52/400
f 485/53/20 491/52/400 492/54/311
f 493/70/324 496/68/326 486/56/313 492/54/311
f 495/71/318 493/70/324 492/54/311 491/52/400
f 494/69/323 497/67/325 496/68/326 493/70/324
f 504/72/321 494/69/323 493/70/324 495/71/318
f 497/67/325 499/65/385 498/66/327 496/68/326
f 496/68/326 498/66/327 487/58/314 486/56/313
f 499/65/385 502/64/329 500/62/381 498/66/327
f 498/66/327 500/62/381 488/59/315 487/58/314
f 500/62/381 501/61/305 489/48/411 488/59/315
f 502/64/329 503/63/303 501/61/305 500/62/381
f 473/34/299 474/21/300 503/63/303 502/64/329
f 472/33/380 473/34/299 502/64/329 499/65/385
f 474/21/300 466/19/293 478/37/302 503/63/303
f 503/63/303 478/37/302 480/41/304 501/61/305
f 501/61/305 480/41/304 484/43/410 489/48/411
f 471/31/297 472/33/380 499/65/385 497/67/325
f 470/29/379 471/31/297 497/67/325 494/69/323
f 506/73/320 504/72/321 495/71/318 505/74/317
f 505/74/317 495/71/318 491/52/400 490/50/312
f 477/75/322 506/73/320 505/74/317 481/76/409
f 481/76/409 505/74/317 490/50/312 483/49/384
f 467/25/291 468/24/294 506/73/320 477/75/322
f 468/24/294 469/27/398 504/72/321 506/73/320
f 469/27/398 470/29/379 494/69/323 504/72/321
f 512/77/332 510/78/332 507/79/333 508/80/333
f 509/81/334 516/82/334 520/83/334 534/84/334 532/85/334 533/86/334 508/79/334 507/80/334
f 510/87/412 513/88/336 509/86/337 507/89/337
f 513/88/336 510/87/412 511/90/338 514/91/339
f 510/78/332 512/77/332 535/92/386 511/93/401
f 513/88/413 515/94/413 516/85/343 509/86/343
f 514/91/344 517/95/344 515/94/413 513/88/413
f 515/94/414 518/97/415 520/98/347 516/85/347
f 517/95/348 521/96/394 518/97/415 515/94/414
f 518/77/416 519/78/417 534/79/369 520/80/369
f 519/78/417 518/77/416 521/92/354 522/93/393
f 522/93/393 521/92/354 523/83/355 525/84/355
f 521/96/394 517/95/348 524/82/351 523/99/351
f 527/81/352 526/82/352 525/83/352 523/84/352 524/85/352 538/86/352 537/79/352 536/80/352
f 528/94/356 522/97/357 525/98/358 526/85/358
f 529/88/359 528/94/360 526/85/361 527/86/361
f 531/91/362 530/95/362 528/94/360 529/88/359
f 530/95/363 519/96/364 522/97/357 528/94/356
f 530/95/362 531/91/362 533/81/365 532/82/365
f 519/96/364 530/95/363 532/82/366 534/99/366
f 531/91/389 512/90/418 508/100/372 533/81/372
f 529/88/405 535/87/419 512/90/418 531/91/389
f 535/87/419 529/88/405 527/86/375 536/89/375
f 511/93/401 535/92/386 536/83/376 537/84/376
f 514/91/339 511/90/338 537/100/377 538/81/377
f 517/95/344 514/91/344 538/81/350 524/82/350
f 539/17/10 549/18/420 540/19/421
f 539/20/10 540/19/421 548/21/422
f 539/22/10 541/23/423 549/18/420
f 539/2/10 542/24/424 541/25/423
f 539/26/10 543/27/425 542/24/424
f 539/28/10 544/29/426 543/27/425
f 539/30/10 545/31/427 544/29/426
f 539/32/10 546/33/428 545/31/427
f 539/12/10 547/34/429 546/33/428
f 539/35/10 548/21/422 547/34/429
f 549/18/420 541/23/423 552/38/430 550/36/431
f 540/19/421 549/18/420 550/36/431 551/37/432
f 551/37/432 550/36/431 553/40/433 555/41/434
f 550/36/431 552/38/430 554/39/435 553/40/433
f 553/40/433 554/39/435 558/44/436 556/42/437
f 555/41/434 553/40/433 556/42/437 557/43/438
f 559/45/20 557/43/438 556/42/437
f 559/46/20 556/42/437 558/44/436
f 559/53/20 560/52/439 561/54/440
f 559/51/20 566/50/441 560/52/439
f 559/55/20 561/54/440 562/56/442
f 559/57/20 562/56/442 563/58/443
f 559/11/20 563/58/443 564/59/444
f 559/60/20 564/59/444 565/48/445
f 559/47/20 565/48/445 557/43/438
f 559/1/20 558/49/436 566/50/441
f 567/74/446 569/71/447 560/52/439 566/50/441
f 554/76/435 567/74/446 566/50/441 558/49/436
f 568/73/448 570/72/449 569/71/447 567/74/446
f 552/75/430 568/73/448 567/74/446 554/76/435
f 570/72/449 572/69/450 571/70/451 569/71/447
f 569/71/447 571/70/451 561/54/440 560/52/439
f 572/69/450 575/67/452 573/68/453 571/70/451
f 571/70/451 573/68/453 562/56/442 561/54/440
f 573/68/453 574/66/454 563/58/443 562/56/442
f 575/67/452 576/65/455 574/66/454 573/68/453
f 545/31/427 546/33/428 576/65/455 575/67/452
f 544/29/426 545/31/427 575/67/452 572/69/450
f 546/33/428 547/34/429 577/64/456 576/65/455
f 576/65/455 577/64/456 579/62/457 574/66/454
f 577/64/456 578/63/458 580/61/459 579/62/457
f 547/34/429 548/21/422 578/63/458 577/64/456
f 574/66/454 579/62/457 564/59/444 563/58/443
f 579/62/457 580/61/459 565/48/445 564/59/444
f 578/63/458 551/37/432 555/41/434 580/61/459
f 580/61/459 555/41/434 557/43/438 565/48/445
f 548/21/422 540/19/421 551/37/432 578/63/458
f 543/27/425 544/29/426 572/69/450 570/72/449
f 542/24/424 543/27/425 570/72/449 568/73/448
f 541/25/423 542/24/424 568/73/448 552/75/430
f 586/77/460 584/78/460 581/79/461 582/80/461
f 583/81/462 591/82/462 608/83/462 607/84/462 605/85/462 606/86/462 582/79/462 581/80/462
f 584/87/463 587/88/464 583/86/465 581/89/465
f 587/88/464 584/87/463 585/90/466 588/91/467
f 584/78/460 586/77/460 609/92/468 585/93/469
f 587/88/470 589/94/471 591/85/472 583/86/472
f 588/91/473 592/95/473 589/94/471 587/88/470
f 589/94/474 590/97/475 608/98/476 591/85/476
f 592/95/477 594/96/478 590/97/475 589/94/474
f 592/95/473 588/91/473 612/81/479 593/82/479
f 594/96/478 592/95/477 593/82/480 596/99/480
f 595/93/481 594/92/481 596/83/482 597/84/482
f 604/78/483 590/77/483 594/92/481 595/93/481
f 599/81/484 598/82/484 597/83/484 596/84/484 593/85/484 612/86/484 611/79/484 610/80/484
f 600/94/485 595/97/486 597/98/487 598/85/487
f 601/88/488 600/94/488 598/85/489 599/86/489
f 603/91/490 602/95/491 600/94/488 601/88/488
f 602/95/492 604/96/493 595/97/486 600/94/485
f 602/95/491 603/91/490 606/81/494 605/82/494
f 604/96/493 602/95/492 605/82/495 607/99/495
f 590/77/483 604/78/483 607/79/496 608/80/496
f 603/91/497 586/90/498 582/100/499 606/81/499
f 601/88/500 609/87/501 586/90/498 603/91/497
f 609/87/501 601/88/500 599/86/502 610/89/502
f 585/93/469 609/92/468 610/83/503 611/84/503
f 588/91/467 585/90/466 611/100/504 612/81/504
f 613/28/10 618/29/505 614/27/506
f 613/26/10 614/27/506 617/24/507
f 613/17/10 623/18/508 615/19/509
f 613/20/10 615/19/509 622/21/510
f 613/22/10 616/23/511 623/18/508
f 613/2/10 617/24/507 616/25/511
f 613/30/10 619/31/512 618/29/505
f 613/32/10 620/33/513 619/31/512
f 613/12/10 621/34/514 620/33/513
f 613/35/10 622/21/510 621/34/514
f 615/19/509 623/18/508 624/36/515 626/37/516
f 623/18/508 616/23/511 625/38/517 624/36/515
f 624/36/515 625/38/517 629/39/518 627/40/519
f 626/37/516 624/36/515 627/40/519 628/41/520
f 628/41/520 627/40/519 630/42/521 631/43/522
f 627/40/519 629/39/518 632/44/523 630/42/521
f 633/45/20 631/43/522 630/42/521
f 633/46/20 630/42/521 632/44/523
f 633/47/20 640/48/524 631/43/522
f 633/1/20 632/49/523 634/50/525
f 633/51/20 634/50/525 635/52/526
f 633/53/20 635/52/526 636/54/527
f 633/55/20 636/54/527 637/56/528
f 633/57/20 637/56/528 638/58/529
f 633/11/20 638/58/529 639/59/530
f 633/60/20 639/59/530 640/48/524
f 641/61/531 628/41/520 631/43/522 640/48/524
f 643/62/532 641/61/531 640/48/524 639/59/530
f 642/63/533 626/37/516 628/41/520 641/61/531
f 644/64/534 642/63/533 641/61/531 643/62/532
f 646/65/535 644/64/534 643/62/532 645/66/536
f 645/66/536 643/62/532 639/59/530 638/58/529
f 648/67/537 646/65/535 645/66/536 647/68/538
f 647/68/538 645/66/536 638/58/529 637/56/528
f 651/69/539 648/67/537 647/68/538 649/70/540
f 649/70/540 647/68/538 637/56/528 636/54/527
f 650/71/541 649/70/540 636/54/527 635/52/526
f 652/72/542 651/69/539 649/70/540 650/71/541
f 618/29/505 619/31/512 648/67/537 651/69/539
f 614/27/506 618/29/505 651/69/539 652/72/542
f 617/24/507 614/27/506 652/72/542 653/73/543
f 653/73/543 652/72/542 650/71/541 654/74/544
f 616/25/511 617/24/507 653/73/543 625/75/517
f 625/75/517 653/73/543 654/74/544 629/76/518
f 629/76/518 654/74/544 634/50/525 632/49/523
f 654/74/544 650/71/541 635/52/526 634/50/525
f 619/31/512 620/33/513 646/65/535 648/67/537
f 620/33/513 621/34/514 644/64/534 646/65/535
f 621/34/514 622/21/510 642/63/533 644/64/534
f 622/21/510 615/19/509 626/37/516 642/63/533
f 660/77/545 658/78/546 655/79/547 656/80/547
f 657/81/548 666/82/548 667/83/548 668/84/548 670/85/548 671/86/548 656/79/548 655/80/548
f 658/87/549 661/88/550 657/86/551 655/89/551
f 661/88/550 658/87/549 659/90/552 662/91/553
f 658/78/546 660/77/545 678/92/554 659/93/554
f 661/88/555 663/94/556 666/85/557 657/86/557
f 662/91/558 664/95/559 663/94/556 661/88/555
f 664/95/560 686/96/561 665/97/562 663/94/563
f 663/94/563 665/97/562 667/98/564 666/85/564
f 665/77/565 669/78/565 668/79/566 667/80/566
f 669/96/567 672/95/568 670/82/569 668/99/569
f 672/95/570 673/91/571 671/81/572 670/82/572
f 673/91/571 672/95/570 674/94/573 677/88/573
f 672/95/568 669/96/567 675/97/574 674/94/575
f 674/94/575 675/97/574 685/98/576 676/85/576
f 677/88/573 674/94/573 676/85/577 679/86/577
f 678/87/578 677/88/579 679/86/580 680/89/580
f 677/88/579 678/87/578 660/90/581 673/91/582
f 679/81/583 676/82/583 685/83/583 684/84/583 683/85/583 682/86/583 681/79/583 680/80/583
f 659/93/554 678/92/554 680/83/584 681/84/584
f 662/91/553 659/90/552 681/100/585 682/81/585
f 664/95/559 662/91/558 682/81/586 683/82/586
f 686/96/561 664/95/560 683/82/587 684/99/587
f 675/93/588 686/92/589 684/83/590 685/84/590
f 669/78/565 665/77/565 686/92/589 675/93/588
f 673/91/582 660/90/581 656/100/591 671/81/591
f 687/22/10 688/23/423 696/18/420
f 687/2/10 689/24/592 688/25/423
f 687/26/10 690/27/593 689/24/592
f 687/28/10 691/29/426 690/27/593
f 687/30/10 692/31/594 691/29/426
f 687/32/10 693/33/428 692/31/594
f 687/12/10 694/34/429 693/33/428
f 687/35/10 695/21/422 694/34/429
f 687/20/10 697/19/421 695/21/422
f 687/17/10 696/18/420 697/19/421
f 695/21/422 697/19/421 698/37/595 699/63/458
f 697/19/421 696/18/420 700/36/431 698/37/595
f 699/63/458 698/37/595 701/41/434 704/61/459
f 698/37/595 700/36/431 702/40/433 701/41/434
f 701/41/434 702/40/433 711/42/596 703/43/597
f 704/61/459 701/41/434 703/43/597 706/48/598
f 728/64/456 699/63/458 704/61/459 705/62/457
f 705/62/457 704/61/459 706/48/598 707/59/599
f 708/60/20 707/59/599 706/48/598
f 708/47/20 706/48/598 703/43/597
f 708/11/20 715/58/600 707/59/599
f 708/46/20 711/42/596 709/44/436
f 708/1/20 709/49/436 710/50/441
f 708/45/20 703/43/597 711/42/596
f 708/51/20 710/50/441 712/52/439
f 708/53/20 712/52/439 713/54/601
f 708/55/20 713/54/601 714/56/442
f 708/57/20 714/56/442 715/58/600
f 716/66/454 705/62/457 707/59/599 715/58/600
f 718/68/453 716/66/454 715/58/600 714/56/442
f 717/65/602 728/64/456 705/62/457 716/66/454
f 719/67/452 717/65/602 716/66/454 718/68/453
f 721/69/450 719/67/452 718/68/453 720/70/451
f 720/70/451 718/68/453 714/56/442 713/54/601
f 723/72/449 721/69/450 720/70/451 722/71/447
f 722/71/447 720/70/451 713/54/601 712/52/439
f 726/73/448 723/72/449 722/71/447 724/74/446
f 724/74/446 722/71/447 712/52/439 710/50/441
f 725/76/603 724/74/446 710/50/441 709/49/436
f 727/75/430 726/73/448 724/74/446 725/76/603
f 689/24/592 690/27/593 723/72/449 726/73/448
f 688/25/423 689/24/592 726/73/448 727/75/430
f 696/18/420 688/23/423 727/38/430 700/36/431
f 700/36/431 727/38/430 725/39/603 702/40/433
f 702/40/433 725/39/603 709/44/436 711/42/596
f 690/27/593 691/29/426 721/69/450 723/72/449
f 691/29/426 692/31/594 719/67/452 721/69/450
f 692/31/594 693/33/428 717/65/602 719/67/452
f 693/33/428 694/34/429 728/64/456 717/65/602
f 694/34/429 695/21/422 699/63/458 728/64/456
f 734/77/460 732/78/460 729/79/461 730/80/461
f 731/81/462 738/82/462 742/83/462 760/84/462 759/85/462 758/86/462 730/79/462 729/80/462
f 732/87/604 735/88/464 731/86/465 729/89/465
f 735/88/464 732/87/604 733/90/605 736/91/467
f 732/78/460 734/77/460 754/92/468 733/93/468
f 735/88/606 737/94/607 738/85/472 731/86/472
f 736/91/608 739/95/473 737/94/607 735/88/606
f 737/94/474 740/97/475 742/98/476 738/85/476
f 739/95/477 743/96/609 740/97/475 737/94/474
f 740/77/610 741/78/483 760/79/496 742/80/496
f 741/78/483 740/77/610 743/92/611 744/93/611
f 744/93/611 743/92/611 745/83/482 747/84/482
f 743/96/609 739/95/477 746/82/480 745/99/480
f 749/81/484 748/82/484 747/83/484 745/84/484 746/85/484 757/86/484 756/79/484 755/80/484
f 750/94/485 744/97/612 747/98/613 748/85/613
f 752/88/614 750/94/615 748/85/489 749/86/489
f 751/95/492 741/96/616 744/97/612 750/94/485
f 753/91/491 751/95/491 750/94/615 752/88/614
f 754/87/501 752/88/617 749/86/502 755/89/502
f 752/88/617 754/87/501 734/90/618 753/91/497
f 733/93/468 754/92/468 755/83/503 756/84/503
f 736/91/467 733/90/605 756/100/504 757/81/504
f 739/95/473 736/91/608 757/81/479 746/82/479
f 753/91/497 734/90/618 730/100/499 758/81/499
f 751/95/491 753/91/491 758/81/494 759/82/494
f 741/96/616 751/95/492 759/82/495 760/99/495
f 761/28/10 763/29/505 762/27/619
f 761/26/10 762/27/619 770/24/620
f 761/30/10 764/31/621 763/29/505
f 761/32/10 765/33/513 764/31/621
f 761/12/10 766/34/622 765/33/513
f 761/35/10 767/21/510 766/34/622
f 761/20/10 771/19/509 767/21/510
f 761/22/10 769/23/511 768/18/508
f 761/17/10 768/18/508 771/19/509
f 761/2/10 770/24/620 769/25/511
f 767/21/510 771/19/509 772/37/516 775/63/533
f 771/19/509 768/18/508 773/36/515 772/37/516
f 772/37/516 773/36/515 802/40/519 774/41/520
f 775/63/533 772/37/516 774/41/520 777/61/531
f 766/34/622 767/21/510 775/63/533 776/64/534
f 776/64/534 775/63/533 777/61/531 778/62/532
f 778/62/532 777/61/531 779/48/524 780/59/530
f 777/61/531 774/41/520 781/43/522 779/48/524
f 782/60/20 780/59/530 779/48/524
f 782/47/20 779/48/524 781/43/522
f 782/57/20 783/56/528 784/58/529
f 782/55/20 789/54/623 783/56/528
f 782/11/20 784/58/529 780/59/530
f 782/45/20 781/43/522 786/42/624
f 782/46/20 786/42/624 785/44/625
f 782/1/20 785/49/625 787/50/525
f 782/51/20 787/50/525 788/52/526
f 782/53/20 788/52/526 789/54/623
f 790/70/540 793/68/538 783/56/528 789/54/623
f 792/71/541 790/70/540 789/54/623 788/52/526
f 791/69/539 794/67/537 793/68/538 790/70/540
f 797/72/542 791/69/539 790/70/540 792/71/541
f 794/67/537 796/65/535 795/66/536 793/68/538
f 793/68/538 795/66/536 784/58/529 783/56/528
f 796/65/535 776/64/534 778/62/532 795/66/536
f 795/66/536 778/62/532 780/59/530 784/58/529
f 765/33/513 766/34/622 776/64/534 796/65/535
f 764/31/621 765/33/513 796/65/535 794/67/537
f 763/29/505 764/31/621 794/67/537 791/69/539
f 799/73/543 797/72/542 792/71/541 798/74/544
f 798/74/544 792/71/541 788/52/526 787/50/525
f 801/75/517 799/73/543 798/74/544 800/76/518
f 800/76/518 798/74/544 787/50/525 785/49/625
f 773/36/515 801/38/517 800/39/518 802/40/519
f 802/40/519 800/39/518 785/44/625 786/42/624
f 774/41/520 802/40/519 786/42/624 781/43/522
f 769/25/511 770/24/620 799/73/543 801/75/517
f 768/18/508 769/23/511 801/38/517 773/36/515
f 770/24/620 762/27/619 797/72/542 799/73/543
f 762/27/619 763/29/505 791/69/539 797/72/542
f 808/77/546 806/78/546 803/79/547 804/80/547
f 805/81/548 812/82/548 815/83/548 834/84/548 832/85/548 833/86/548 804/79/548 803/80/548
f 806/87/626 809/88/550 805/86/551 803/89/551
f 809/88/550 806/87/626 807/90/552 810/91/627
f 806/78/546 808/77/546 826/92/628 807/93/628
f 809/88/556 811/94/556 812/85/557 805/86/557
f 810/91/558 813/95/558 811/94/556 809/88/556
f 811/94/563 814/97/629 815/98/564 812/85/564
f 813/95/630 817/96/561 814/97/629 811/94/563
f 814/77/631 816/78/565 834/79/566 815/80/566
f 816/78/565 814/77/631 817/92/632 818/93/588
f 818/93/588 817/92/632 819/83/590 820/84/590
f 817/96/561 813/95/630 821/82/633 819/99/633
f 825/81/583 831/82/583 820/83/583 819/84/583 821/85/583 822/86/583 823/79/583 824/80/583
f 813/95/558 810/91/558 822/81/586 821/82/586
f 810/91/627 807/90/552 823/100/634 822/81/634
f 807/93/628 826/92/628 824/83/584 823/84/584
f 826/87/635 827/88/579 825/86/580 824/89/580
f 827/88/579 826/87/635 808/90/636 828/91/582
f 828/91/571 830/95/571 829/94/573 827/88/573
f 827/88/573 829/94/573 831/85/577 825/86/577
f 830/95/568 816/96/637 818/97/638 829/94/575
f 829/94/575 818/97/638 820/98/576 831/85/576
f 830/95/571 828/91/571 833/81/572 832/82/572
f 816/96/637 830/95/568 832/82/569 834/99/569
f 828/91/582 808/90/636 804/100/591 833/81/591
f 835/22/10 836/23/511 845/18/508
f 835/2/10 837/24/507 836/25/511
f 835/26/10 838/27/619 837/24/507
f 835/28/10 839/29/505 838/27/619
f 835/30/10 840/31/639 839/29/505
f 835/32/10 841/33/513 840/31/639
f 835/12/10 842/34/622 841/33/513
f 835/35/10 843/21/510 842/34/622
f 835/20/10 844/19/640 843/21/510
f 835/17/10 845/18/508 844/19/640
f 844/19/640 845/18/508 846/36/515 848/37/516
f 845/18/508 836/23/511 847/38/517 846/36/515
f 846/36/515 847/38/517 851/39/518 849/40/519
f 848/37/516 846/36/515 849/40/519 850/41/520
f 850/41/520 849/40/519 852/42/624 854/43/522
f 849/40/519 851/39/518 853/44/523 852/42/624
f 855/46/20 852/42/624 853/44/523
f 855/45/20 854/43/522 852/42/624
f 855/53/20 856/52/526 857/54/641
f 855/51/20 862/50/642 856/52/526
f 855/55/20 857/54/641 858/56/528
f 855/57/20 858/56/528 859/58/529
f 855/11/20 859/58/529 860/59/643
f 855/60/20 860/59/643 861/48/524
f 855/47/20 861/48/524 854/43/522
f 855/1/20 853/49/523 862/50/642
f 863/74/544 865/71/541 856/52/526 862/50/642
f 851/76/518 863/74/544 862/50/642 853/49/523
f 864/73/543 866/72/542 865/71/541 863/74/544
f 847/75/517 864/73/543 863/74/544 851/76/518
f 866/72/542 868/69/539 867/70/540 865/71/541
f 865/71/541 867/70/540 857/54/641 856/52/526
f 868/69/539 871/67/537 869/68/538 867/70/540
f 867/70/540 869/68/538 858/56/528 857/54/641
f 869/68/538 870/66/536 859/58/529 858/56/528
f 871/67/537 872/65/535 870/66/536 869/68/538
f 840/31/639 841/33/513 872/65/535 871/67/537
f 839/29/505 840/31/639 871/67/537 868/69/539
f 841/33/513 842/34/622 873/64/534 872/65/535
f 872/65/535 873/64/534 875/62/532 870/66/536
f 873/64/534 874/63/533 876/61/531 875/62/532
f 842/34/622 843/21/510 874/63/533 873/64/534
f 870/66/536 875/62/532 860/59/643 859/58/529
f 875/62/532 876/61/531 861/48/524 860/59/643
f 874/63/533 848/37/516 850/41/520 876/61/531
f 876/61/531 850/41/520 854/43/522 861/48/524
f 843/21/510 844/19/640 848/37/516 874/63/533
f 838/27/619 839/29/505 868/69/539 866/72/542
f 837/24/507 838/27/619 866/72/542 864/73/543
f 836/25/511 837/24/507 864/73/543 847/75/517
f 882/77/644 880/78/546 877/79/547 878/80/547
f 879/81/548 887/82/548 905/83/548 904/84/548 902/85/548 903/86/548 878/79/548 877/80/548
f 880/87/549 883/88/550 879/86/551 877/89/551
f 883/88/550 880/87/549 881/90/645 884/91/646
f 880/78/546 882/77/644 906/92/647 881/93/628
f 883/88/555 885/94/555 887/85/557 879/86/557
f 884/91/558 888/95/558 885/94/555 883/88/555
f 885/94/563 886/97/648 905/98/564 887/85/564
f 888/95/560 889/96/630 886/97/648 885/94/563
f 888/95/558 884/91/558 891/81/586 890/82/586
f 889/96/630 888/95/560 890/82/633 892/99/633
f 896/81/583 895/82/583 893/83/583 892/84/583 890/85/583 891/86/583 908/79/583 907/80/583
f 894/93/588 889/92/632 892/83/590 893/84/590
f 897/94/575 894/97/649 893/98/576 895/85/576
f 898/88/650 897/94/651 895/85/577 896/86/577
f 900/91/652 899/95/570 897/94/651 898/88/650
f 899/95/653 901/96/567 894/97/649 897/94/575
f 899/95/570 900/91/652 903/81/572 902/82/572
f 901/96/567 899/95/653 902/82/569 904/99/569
f 886/77/631 901/78/565 904/79/566 905/80/566
f 900/91/582 882/90/636 878/100/591 903/81/591
f 901/78/565 886/77/631 889/92/632 894/93/588
f 898/88/579 906/87/578 882/90/636 900/91/582
f 906/87/578 898/88/579 896/86/580 907/89/580
f 881/93/628 906/92/647 907/83/584 908/84/584
f 884/91/646 881/90/645 908/100/585 891/81/585
f 909/22/10 910/23/423 919/18/420
f 909/2/10 911/24/424 910/25/423
f 909/26/10 912/27/425 911/24/424
f 909/28/10 913/29/426 912/27/425
f 909/30/10 914/31/594 913/29/426
f 909/32/10 915/33/654 914/31/594
f 909/12/10 916/34/429 915/33/654
f 909/35/10 917/21/422 916/34/429
f 909/20/10 918/19/421 917/21/422
f 909/17/10 919/18/420 918/19/421
f 919/18/420 910/23/423 922/38/430 920/36/431
f 918/19/421 919/18/420 920/36/431 921/37/432
f 921/37/432 920/36/431 923/40/433 925/41/434
f 920/36/431 922/38/430 924/39/435 923/40/433
f 923/40/433 924/39/435 927/44/436 926/42/437
f 925/41/434 923/40/433 926/42/437 928/43/597
f 929/46/20 926/42/437 927/44/436
f 929/45/20 928/43/597 926/42/437
f 929/1/20 927/49/436 930/50/441
f 929/47/20 936/48/445 928/43/597
f 929/51/20 930/50/441 931/52/439
f 929/53/20 931/52/439 932/54/440
f 929/55/20 932/54/440 933/56/442
f 929/57/20 933/56/442 934/58/443
f 929/11/20 934/58/443 935/59/444
f 929/60/20 935/59/444 936/48/445
f 937/61/459 925/41/434 928/43/597 936/48/445
f 939/62/457 937/61/459 936/48/445 935/59/444
f 938/63/458 921/37/432 925/41/434 937/61/459
f 940/64/456 938/63/458 937/61/459 939/62/457
f 942/65/455 940/64/456 939/62/457 941/66/454
f 941/66/454 939/62/457 935/59/444 934/58/443
f 944/67/452 942/65/455 941/66/454 943/68/453
f 943/68/453 941/66/454 934/58/443 933/56/442
f 947/69/450 944/67/452 943/68/453 945/70/655
f 945/70/655 943/68/453 933/56/442 932/54/440
f 946/71/447 945/70/655 932/54/440 931/52/439
f 948/72/449 947/69/450 945/70/655 946/71/447
f 913/29/426 914/31/594 944/67/452 947/69/450
f 912/27/425 913/29/426 947/69/450 948/72/449
f 911/24/424 912/27/425 948/72/449 949/73/448
f 949/73/448 948/72/449 946/71/447 950/74/446
f 910/25/423 911/24/424 949/73/448 922/75/430
f 922/75/430 949/73/448 950/74/446 924/76/435
f 924/76/435 950/74/446 930/50/441 927/49/436
f 950/74/446 946/71/447 931/52/439 930/50/441
f 914/31/594 915/33/654 942/65/455 944/67/452
f 915/33/654 916/34/429 940/64/456 942/65/455
f 916/34/429 917/21/422 938/63/458 940/64/456
f 917/21/422 918/19/421 921/37/432 938/63/458
f 956/77/656 954/78/657 951/79/461 952/80/461
f 953/81/462 962/82/462 963/83/462 964/84/462 965/85/462 982/86/462 952/79/462 951/80/462
f 954/87/604 957/88/464 953/86/465 951/89/465
f 957/88/464 954/87/604 955/90/466 958/91/658
f 954/78/657 956/77/656 973/92/469 955/93/468
f 957/88/606 959/94/606 962/85/472 953/86/472
f 958/91/608 960/95/473 959/94/606 957/88/606
f 960/95/477 981/96/659 961/97/660 959/94/474
f 959/94/474 961/97/660 963/98/476 962/85/476
f 961/77/483 966/78/483 964/79/496 963/80/496
f 966/96/616 968/95/492 965/82/495 964/99/495
f 966/78/483 961/77/483 981/92/661 967/93/662
f 968/95/492 966/96/616 967/97/663 970/94/664
f 968/95/491 969/91/665 982/81/494 965/82/494
f 969/91/665 968/95/491 970/94/615 972/88/488
f 970/94/664 967/97/663 980/98/613 971/85/613
f 972/88/488 970/94/615 971/85/489 974/86/489
f 972/88/500 973/87/501 956/90/666 969/91/497
f 973/87/501 972/88/500 974/86/502 975/89/502
f 974/81/484 971/82/484 980/83/484 979/84/484 978/85/484 977/86/484 976/79/484 975/80/484
f 955/93/468 973/92/469 975/83/503 976/84/503
f 958/91/658 955/90/466 976/100/667 977/81/667
f 960/95/473 958/91/608 977/81/479 978/82/479
f 981/96/659 960/95/477 978/82/480 979/99/480
f 967/93/662 981/92/661 979/83/482 980/84/482
f 969/91/497 956/90/666 952/100/499 982/81/499
f 983/22/10 984/23/423 993/18/420
f 983/2/10 985/24/424 984/25/423
f 983/26/10 986/27/593 985/24/424
f 983/28/10 987/29/426 986/27/593
f 983/30/10 988/31/427 987/29/426
f 983/32/10 989/33/428 988/31/427
f 983/12/10 990/34/429 989/33/428
f 983/35/10 991/21/668 990/34/429
f 983/20/10 992/19/421 991/21/668
f 983/17/10 993/18/420 992/19/421
f 992/19/421 993/18/420 994/36/431 996/37/595
f 993/18/420 984/23/423 995/38/430 994/36/431
f 994/36/431 995/38/430 998/39/435 997/40/433
f 996/37/595 994/36/431 997/40/433 999/41/434
f 997/40/433 998/39/435 1002/44/436 1000/42/596
f 999/41/434 997/40/433 1000/42/596 1001/43/597
f 1003/45/20 1001/43/597 1000/42/596
f 1003/46/20 1000/42/596 1002/44/436
f 1003/60/20 1004/59/444 1005/48/445
f 1003/11/20 1010/58/443 1004/59/444
f 1003/47/20 1005/48/445 1001/43/597
f 1003/1/20 1002/49/436 1006/50/441
f 1003/51/20 1006/50/441 1007/52/669
f 1003/53/20 1007/52/669 1008/54/440
f 1003/55/20 1008/54/440 1009/56/442
f 1003/57/20 1009/56/442 1010/58/443
f 1011/66/454 1014/62/457 1004/59/444 1010/58/443
f 1013/68/453 1011/66/454 1010/58/443 1009/56/442
f 1012/65/602 1015/64/456 1014/62/457 1011/66/454
f 1018/67/452 1012/65/602 1011/66/454 1013/68/453
f 1015/64/456 1017/63/458 1016/61/459 1014/62/457
f 1014/62/457 1016/61/459 1005/48/445 1004/59/444
f 1017/63/458 996/37/595 999/41/434 1016/61/459
f 1016/61/459 999/41/434 1001/43/597 1005/48/445
f 991/21/668 992/19/421 996/37/595 1017/63/458
f 990/34/429 991/21/668 1017/63/458 1015/64/456
f 989/33/428 990/34/429 1015/64/456 1012/65/602
f 1020/69/450 1018/67/452 1013/68/453 1019/70/655
f 1019/70/655 1013/68/453 1009/56/442 1008/54/440
f 1022/72/449 1020/69/450 1019/70/655 1021/71/447
f 1021/71/447 1019/70/655 1008/54/440 1007/52/669
f 1024/73/448 1022/72/449 1021/71/447 1023/74/446
f 1023/74/446 1021/71/447 1007/52/669 1006/50/441
f 998/76/435 1023/74/446 1006/50/441 1002/49/436
f 995/75/430 1024/73/448 1023/74/446 998/76/435
f 985/24/424 986/27/593 1022/72/449 1024/73/448
f 984/25/423 985/24/424 1024/73/448 995/75/430
f 986/27/593 987/29/426 1020/69/450 1022/72/449
f 987/29/426 988/31/427 1018/67/452 1020/69/450
f 988/31/427 989/33/428 1012/65/602 1018/67/452
f 1030/77/657 1028/78/460 1025/79/461 1026/80/461
f 1027/81/462 1034/82/462 1037/83/462 1056/84/462 1054/85/462 1055/86/462 1026/79/462 1025/80/462
f 1028/87/604 1031/88/464 1027/86/465 1025/89/465
f 1031/88/464 1028/87/604 1029/90/670 1032/91/467
f 1028/78/460 1030/77/657 1048/92/468 1029/93/469
f 1031/88/470 1033/94/470 1034/85/472 1027/86/472
f 1032/91/608 1035/95/671 1033/94/470 1031/88/470
f 1033/94/672 1036/97/673 1037/98/476 1034/85/476
f 1035/95/477 1039/96/609 1036/97/673 1033/94/672
f 1036/77/610 1038/78/674 1056/79/496 1037/80/496
f 1038/78/674 1036/77/610 1039/92/611 1040/93/611
f 1040/93/611 1039/92/611 1041/83/482 1042/84/482
f 1039/96/609 1035/95/477 1043/82/480 1041/99/480
f 1047/81/484 1053/82/484 1042/83/484 1041/84/484 1043/85/484 1044/86/484 1045/79/484 1046/80/484
f 1035/95/671 1032/91/608 1044/81/479 1043/82/479
f 1032/91/467 1029/90/670 1045/100/667 1044/81/667
f 1029/93/469 1048/92/468 1046/83/503 1045/84/503
f 1048/87/501 1049/88/617 1047/86/502 1046/89/502
f 1049/88/617 1048/87/501 1030/90/618 1050/91/497
f 1049/88/615 1051/94/615 1053/85/489 1047/86/489
f 1050/91/491 1052/95/490 1051/94/615 1049/88/615
f 1052/95/492 1038/96/616 1040/97/663 1051/94/485
f 1051/94/485 1040/97/663 1042/98/487 1053/85/487
f 1052/95/490 1050/91/491 1055/81/494 1054/82/494
f 1038/96/616 1052/95/492 1054/82/495 1056/99/495
f 1050/91/497 1030/90/618 1026/100/499 1055/81/499
f 1057/26/10 1059/27/619 1058/24/620
f 1057/2/10 1058/24/620 1067/25/511
f 1057/28/10 1060/29/505 1059/27/619
f 1057/30/10 1061/31/639 1060/29/505
f 1057/32/10 1062/33/513 1061/31/639
f 1057/12/10 1063/34/514 1062/33/513
f 1057/35/10 1064/21/510 1063/34/514
f 1057/20/10 1065/19/509 1064/21/510
f 1057/17/10 1066/18/508 1065/19/509
f 1057/22/10 1067/23/511 1066/18/508
f 1067/25/511 1058/24/620 1069/73/543 1068/75/517
f 1066/18/508 1067/23/511 1068/38/517 1070/36/515
f 1068/75/517 1069/73/543 1072/74/544 1071/76/518
f 1070/36/515 1068/38/517 1071/39/518 1073/40/519
f 1071/76/518 1072/74/544 1075/50/525 1074/49/523
f 1073/40/519 1071/39/518 1074/44/523 1076/42/624
f 1077/1/20 1074/49/523 1075/50/525
f 1077/46/20 1076/42/624 1074/44/523
f 1077/57/20 1078/56/528 1079/58/529
f 1077/55/20 1084/54/623 1078/56/528
f 1077/11/20 1079/58/529 1080/59/530
f 1077/60/20 1080/59/530 1081/48/524
f 1077/47/20 1081/48/524 1082/43/522
f 1077/45/20 1082/43/522 1076/42/624
f 1077/51/20 1075/50/525 1083/52/526
f 1077/53/20 1083/52/526 1084/54/623
f 1085/70/540 1088/68/538 1078/56/528 1084/54/623
f 1087/71/541 1085/70/540 1084/54/623 1083/52/526
f 1086/69/539 1089/67/537 1088/68/538 1085/70/540
f 1098/72/542 1086/69/539 1085/70/540 1087/71/541
f 1089/67/537 1091/65/535 1090/66/536 1088/68/538
f 1088/68/538 1090/66/536 1079/58/529 1078/56/528
f 1091/65/535 1094/64/534 1092/62/532 1090/66/536
f 1090/66/536 1092/62/532 1080/59/530 1079/58/529
f 1092/62/532 1093/61/531 1081/48/524 1080/59/530
f 1094/64/534 1095/63/533 1093/61/531 1092/62/532
f 1063/34/514 1064/21/510 1095/63/533 1094/64/534
f 1062/33/513 1063/34/514 1094/64/534 1091/65/535
f 1064/21/510 1065/19/509 1096/37/516 1095/63/533
f 1095/63/533 1096/37/516 1097/41/520 1093/61/531
f 1096/37/516 1070/36/515 1073/40/519 1097/41/520
f 1065/19/509 1066/18/508 1070/36/515 1096/37/516
f 1093/61/531 1097/41/520 1082/43/522 1081/48/524
f 1097/41/520 1073/40/519 1076/42/624 1082/43/522
f 1061/31/639 1062/33/513 1091/65/535 1089/67/537
f 1060/29/505 1061/31/639 1089/67/537 1086/69/539
f 1069/73/543 1098/72/542 1087/71/541 1072/74/544
f 1072/74/544 1087/71/541 1083/52/526 1075/50/525
f 1059/27/619 1060/29/505 1086/69/539 1098/72/542
f 1058/24/620 1059/27/619 1098/72/542 1069/73/543
f 1104/77/546 1102/78/545 1099/79/547 1100/80/547
f 1101/81/548 1108/82/548 1112/83/548 1126/84/548 1124/85/548 1125/86/548 1100/79/548 1099/80/548
f 1102/87/675 1105/88/550 1101/86/551 1099/89/551
f 1105/88/550 1102/87/675 1103/90/645 1106/91/646
f 1102/78/545 1104/77/546 1127/92/628 1103/93/554
f 1105/88/556 1107/94/556 1108/85/557 1101/86/557
f 1106/91/558 1109/95/558 1107/94/556 1105/88/556
f 1107/94/563 1110/97/676 1112/98/564 1108/85/564
f 1109/95/560 1113/96/630 1110/97/676 1107/94/563
f 1110/77/631 1111/78/631 1126/79/566 1112/80/566
f 1111/78/631 1110/77/631 1113/92/589 1114/93/632
f 1114/93/632 1113/92/589 1115/83/590 1117/84/590
f 1113/96/630 1109/95/560 1116/82/587 1115/99/587
f 1119/81/583 1118/82/583 1117/83/583 1115/84/583 1116/85/583 1130/86/583 1129/79/583 1128/80/583
f 1120/94/677 1114/97/638 1117/98/576 1118/85/576
f 1121/88/573 1120/94/573 1118/85/577 1119/86/577
f 1123/91/570 1122/95/570 1120/94/573 1121/88/573
f 1122/95/568 1111/96/567 1114/97/638 1120/94/677
f 1122/95/570 1123/91/570 1125/81/572 1124/82/572
f 1111/96/567 1122/95/568 1124/82/569 1126/99/569
f 1123/91/582 1104/90/678 1100/100/591 1125/81/591
f 1121/88/579 1127/87/635 1104/90/678 1123/91/582
f 1127/87/635 1121/88/579 1119/86/580 1128/89/580
f 1103/93/554 1127/92/628 1128/83/584 1129/84/584
f 1106/91/646 1103/90/645 1129/100/585 1130/81/585
f 1109/95/558 1106/91/558 1130/81/586 1116/82/586
